source,C00,C01,C02,C03,C04,C05,C06,C07,C08,C09,C10,C11,C12,C13,C14,C15,C16,C17,C18,C19,C20,C21,C22,C23,C24,C25,C26,C27,C28,C29,C30,C31,C32,C33,C34,C35,C36,C37,C38,C39,C40,C41,C42,C43,C44
S00,0.028523234650492668,-0.10215344280004501,-0.15445663034915924,0.004409186076372862,-0.027191663160920143,-0.014646164141595364,-0.01888476312160492,-0.20467732846736908,-0.06535439193248749,-0.07095696032047272,-0.03309916704893112,-0.02189195156097412,0.02451111376285553,-0.01626097969710827,-0.09059081226587296,-0.4227646291255951,-0.01726008765399456,0.0806637555360794,-0.14186374843120575,-0.11695073544979095,-0.15919525921344757,-0.13224460184574127,-0.26200518012046814,-0.08097302168607712,-0.06011498346924782,-0.08676904439926147,-0.0173626858741045,0.014236655086278915,-0.15772078931331635,-0.005357260350137949,-0.018708763644099236,-0.032948557287454605,0.0975993201136589,-0.09140975028276443,0.001028787693940103,-0.016032282263040543,0.011743303388357162,-0.07946992665529251,0.008946877904236317,-0.02204957976937294,-0.06178358942270279,-0.01171484962105751,0.008193510584533215,0.024852193892002106,-0.013102056458592415
S01,0.0014064491260796785,0.047254953533411026,0.016902493312954903,0.015519236214458942,0.02380586788058281,-0.02869187481701374,0.008359543979167938,0.002734225708991289,-0.037330497056245804,0.006897897459566593,0.005779246799647808,0.004246478900313377,0.00706971250474453,-0.014975679107010365,0.016691841185092926,-0.038846805691719055,0.013385709375143051,-0.1141958236694336,-0.07108330726623535,0.0047189295291900635,-0.02314414270222187,-0.021064603701233864,0.006113071460276842,-0.06443294137716293,-0.01354446541517973,-0.016422513872385025,-0.00045861254329793155,-0.019295573234558105,-0.009211905300617218,0.029851913452148438,0.05009351670742035,-0.0014505614526569843,-0.028168614953756332,0.00047787310904823244,0.014670458622276783,-0.024866238236427307,0.022319920361042023,0.007282130420207977,0.021065494045615196,0.020041877403855324,-0.07013341784477234,0.03699235990643501,-0.018269527703523636,0.005785730201750994,0.002646877197548747
S02,-0.009283081628382206,-0.011385689489543438,-0.02837991714477539,0.023004675284028053,-0.011268910951912403,-0.029224488884210587,-0.00619184784591198,-0.03635759651660919,0.004827097058296204,-0.016893750056624413,-0.01584969460964203,0.012139623984694481,-0.004558609798550606,-0.10414700955152512,-0.02644776552915573,-0.03699164092540741,0.022402077913284302,0.0024993079714477062,0.05297214537858963,-0.009910337626934052,0.0857384204864502,0.042652428150177,0.05923406034708023,0.045155178755521774,-0.02462928369641304,-0.04220087081193924,0.024487953633069992,0.0020318683236837387,-0.1312216967344284,0.021109219640493393,0.015316004864871502,-0.0281350277364254,-0.017325203865766525,-0.0039060618728399277,-0.006721468176692724,-0.018135759979486465,0.01873410865664482,-0.07884480059146881,-0.036772217601537704,-0.002073604380711913,-0.06010866165161133,0.006432481575757265,0.05585610494017601,0.016315964981913567,-0.010981803759932518
S03,-0.21644893288612366,-0.03109363466501236,-0.039105601608753204,0.007907274179160595,0.02708718739449978,-0.040441788733005524,-0.0013284300221130252,-0.008559033274650574,0.003297909162938595,-0.13762623071670532,-0.005382869858294725,-0.012616044841706753,-0.04997100308537483,-0.08299482613801956,-0.004060806706547737,-0.04484622925519943,0.023557962849736214,-0.037678755819797516,-0.002858011284843087,-0.017563527449965477,-0.008982136845588684,-0.03175266087055206,0.027795353904366493,9.184926602756605e-05,-0.004181236494332552,-0.008413477800786495,-0.005416937172412872,0.0016581974923610687,0.039959583431482315,-0.005224123597145081,0.022159704938530922,-0.020374085754156113,-0.047273099422454834,-0.009289509616792202,0.007255071308463812,-0.028888175264000893,0.01900416426360607,0.0018221113132312894,0.015601466409862041,-0.0049453675746917725,-0.07082293182611465,0.03546062856912613,0.04418908804655075,-0.12289918959140778,0.01718570478260517
S04,0.013551055453717709,0.008858438581228256,-0.013649736531078815,0.02148272842168808,0.010671623982489109,-0.00978836789727211,0.0016173411859199405,-0.034267015755176544,0.04349018260836601,-0.0274379700422287,-0.0005350600695237517,-0.005503389518707991,-0.023619553074240685,-0.04096653684973717,-0.025240372866392136,0.004437251016497612,-0.006569739896804094,-0.058267395943403244,-0.040534455329179764,-0.015613159164786339,0.02209319733083248,0.0025070575065910816,-0.016709929332137108,0.035705264657735825,-0.04297992214560509,0.0007388770463876426,-0.005284939892590046,-0.002407755935564637,-0.021007919684052467,-0.04396995157003403,0.0048005543649196625,-0.0023817915935069323,-0.04938555881381035,-0.006918055471032858,0.023653650656342506,-0.02851388417184353,0.014933302998542786,-0.005072011612355709,0.008532688021659851,0.012976306490600109,-0.0015907555352896452,0.021092362701892853,-0.010756975039839745,0.0079316645860672,-0.0077189006842672825
S05,0.002075886121019721,0.03651610389351845,-0.011241563595831394,0.0258948877453804,-0.02835330180823803,-0.011830934323370457,0.010884708724915981,0.012378452345728874,-0.03492460772395134,-0.03588147088885307,-0.009131107479333878,0.03366098180413246,-0.007428423967212439,-0.06431916356086731,0.0034382629673928022,-0.1555100828409195,-0.004451509099453688,-0.08149334043264389,-0.012783191166818142,-0.014117476530373096,0.012841803021728992,0.0160563662648201,0.022189153358340263,-0.04295044392347336,-0.022055387496948242,-0.03510349616408348,0.02736145816743374,0.03794592618942261,0.05033652111887932,-0.020825399085879326,0.06382688134908676,-0.013592354021966457,-0.007035540882498026,-0.004942137282341719,0.013936417177319527,0.029239797964692116,0.040003057569265366,0.021457668393850327,-0.0822078213095665,0.010343757458031178,-0.009867670945823193,-0.00196054601110518,-0.012950649484992027,-0.00045939802657812834,-0.006392893847078085
S06,0.009157487191259861,-0.0026687425561249256,-0.00768236443400383,-0.00772259384393692,0.012322740629315376,-0.004994444083422422,-0.0009008952765725553,-0.015592947602272034,-0.03761773183941841,-0.024853665381669998,-0.016924478113651276,0.01349598728120327,0.007547647692263126,0.008934901095926762,-0.011385931633412838,0.012983131222426891,-0.0010600638343021274,0.002284374786540866,-0.04361648112535477,-0.056541718542575836,0.02378859929740429,0.005626089870929718,-0.01483942475169897,0.16073663532733917,-1.9337960481643677,-0.23890745639801025,0.026330817490816116,0.016514021903276443,-0.045962389558553696,0.028169473633170128,-0.0008097030222415924,-0.011032807640731335,-0.07093494385480881,-0.0018366320291534066,0.02443557046353817,-0.020802434533834457,0.009274358861148357,-0.027129901573061943,-0.12512679398059845,0.012130623683333397,-0.02740607224404812,0.01872839964926243,0.008548619225621223,0.0017588065238669515,0.014524881727993488
S07,0.011412135325372219,0.004533377476036549,0.005842127837240696,0.010654478333890438,-0.004379881080240011,0.0005356339970603585,0.0026110121980309486,-0.005362194497138262,0.023815065622329712,-0.015742311254143715,-0.0013857587473466992,0.0023260684683918953,-0.03006933443248272,-0.010465783067047596,-0.016192488372325897,-0.015890028327703476,-0.01747407205402851,-0.002162463963031769,0.005401394329965115,-0.020584672689437866,0.006555821280926466,-0.004083484411239624,0.06566426903009415,0.11910450458526611,-3.0059893131256104,-0.15391404926776886,0.029258858412504196,-0.016336455941200256,0.11044081300497055,-1.5777796506881714,-0.008527655154466629,-0.02316858060657978,-0.1544308364391327,-0.012799073942005634,-0.00926659069955349,0.004718638025224209,-0.0078111207112669945,-0.512915849685669,-0.05542125180363655,0.006454009097069502,-0.0656171664595604,0.03916621208190918,0.008722346276044846,-0.022712094709277153,-0.016775717958807945
S08,0.0017666053026914597,-0.005246610380709171,-9.992665582103655e-05,0.01594095677137375,0.006323113106191158,-0.008697747252881527,0.0005048732273280621,-0.011203493922948837,0.01274096965789795,-0.009968998841941357,-0.00352989649400115,0.015420899726450443,0.05031316727399826,-0.06348224729299545,-0.011182857677340508,-0.003634591354057193,-0.005823812913149595,-0.00291896378621459,-0.018765399232506752,-0.05918636918067932,-0.004641679581254721,0.027746841311454773,0.013364436104893684,-0.04906156659126282,0.05445931479334831,-0.01784861646592617,0.013630899600684643,-0.009499267674982548,-0.03985902667045593,-0.02680957317352295,-0.00015195226296782494,-0.0039850990287959576,-0.0482243075966835,-0.0061274743638932705,0.003188359783962369,0.012002617120742798,0.019761037081480026,-0.02118009515106678,-0.01068726647645235,0.009596865624189377,-0.05168480798602104,0.04359782487154007,-0.0019842996262013912,0.014706505462527275,-0.005074621178209782
S09,0.015006300061941147,0.013686085119843483,0.010698583908379078,0.027936479076743126,-0.016844049096107483,-0.008534223772585392,0.010852769948542118,-0.0030563538894057274,-0.030747056007385254,-0.02095474675297737,-0.00269902846775949,0.004258372355252504,0.004292787052690983,-0.027799157425761223,0.010954364202916622,-0.020820748060941696,-0.0640198141336441,-0.03719125688076019,0.15114815533161163,-0.0009444826282560825,-0.03541417047381401,0.023569561541080475,0.04645086079835892,-0.09220787137746811,0.018811281770467758,-0.03765944391489029,-0.019944069907069206,-0.03138791769742966,0.05896194279193878,-0.05359245836734772,-0.03746611252427101,0.009384473785758018,-0.07587757706642151,-0.0007151954923756421,0.026827478781342506,-0.034638576209545135,0.007554840296506882,0.0019312016665935516,0.06644802540540695,-0.002876972546800971,-0.015539067797362804,0.007915053516626358,-0.018296966329216957,0.009273669682443142,0.008358309976756573
T00,0.0029572555795311928,0.005810601636767387,-0.0023104262072592974,0.006286021322011948,0.013054204173386097,-0.005909491330385208,-0.0017693412955850363,0.0012284173863008618,0.02075185440480709,-0.007490868680179119,0.008785843849182129,-0.0033466012682765722,-0.004286221694201231,-0.021590305492281914,0.007614231668412685,0.0004557489010039717,0.010449820198118687,-0.02073042280972004,-0.0204228013753891,-0.006320957560092211,0.02748851664364338,0.09056401997804642,0.005563061218708754,0.038096897304058075,-0.008038386702537537,-0.0035208924673497677,0.013835799880325794,-0.010711359791457653,0.022015487775206566,0.028256012126803398,0.015499254688620567,0.005622105207294226,-0.054910048842430115,-0.011148898862302303,0.002464808989316225,-0.014102469198405743,0.031674906611442566,-0.00016169842274393886,-0.02678455412387848,0.012651288881897926,-0.052644260227680206,0.010240214876830578,0.047063831239938736,-0.021312735974788666,-0.004833798389881849
T01,0.02148226834833622,-0.005095963831990957,-0.013554906472563744,0.003788260044530034,0.0006065027555450797,-0.018177179619669914,0.00022890813124831766,-0.02670217491686344,-0.004777893424034119,-0.007356926798820496,-0.0059066410176455975,-0.006347818300127983,0.018832197412848473,-0.005777228157967329,-0.0019915541633963585,-0.01263345219194889,-0.0025928481481969357,-0.024406475946307182,0.00746383611112833,-0.027238117530941963,0.02175278030335903,-0.073636494576931,0.0014215409755706787,-0.014384525828063488,-0.05177410691976547,-0.027454733848571777,0.004761246964335442,-0.013969955034554005,-0.0016565335681661963,0.01737355813384056,0.022649293765425682,-0.027188953012228012,-0.06818056851625443,0.009985056705772877,-0.022365963086485863,-0.003507996443659067,0.012927697971463203,-0.0007582486141473055,-0.025626197457313538,-0.008395879529416561,-0.03846977651119232,0.012239906936883926,-0.01017070934176445,-0.0019452853593975306,-0.011594734154641628
T02,0.005121435970067978,-0.002862572204321623,0.0013096954207867384,0.023911863565444946,-0.02162252366542816,-0.0002410520683042705,0.0001347086945315823,-0.0020515117794275284,-0.022474922239780426,0.013562950305640697,-0.003954089246690273,-0.012227206490933895,0.011539952829480171,-0.0417918935418129,-0.016779247671365738,-0.0018555193673819304,-0.0037677271757274866,-0.0023720823228359222,-0.04485132917761803,-0.043740611523389816,0.029762079939246178,-0.032780036330223083,0.03742522746324539,0.03853239864110947,-0.06226760149002075,-0.018834460526704788,0.026157768443226814,-0.017451316118240356,0.0021836545784026384,0.01849483884871006,0.01151578314602375,-0.027556665241718292,-0.021412279456853867,0.00011893982446053997,0.01963442750275135,-0.007433141581714153,0.006324946880340576,-0.013640934601426125,-0.008989776484668255,0.007360326126217842,-0.017367009073495865,0.03752024471759796,0.012974897399544716,0.01101812906563282,-0.010915362276136875
T03,-0.010189912281930447,-0.003676228690892458,-0.004916466306895018,0.015552111901342869,-0.03801969066262245,-0.0024220538325607777,0.009758786298334599,0.0038487310521304607,0.02001798525452614,-0.019797980785369873,0.000807400734629482,0.005468928255140781,-0.021766360849142075,-0.038971301168203354,-0.025861091911792755,0.00022520522179547697,-0.008464627899229527,-0.008136605843901634,-0.014809906482696533,0.009024296887218952,0.03906499594449997,0.018399380147457123,0.029929442331194878,0.07548780739307404,-0.012711410410702229,-0.011251227930188179,0.027047397568821907,-0.0021483823657035828,0.025316691026091576,0.011802543886005878,0.021014753729104996,-0.029077677056193352,-0.010438758879899979,-0.016071712598204613,0.008586191572248936,-0.013521167449653149,0.02210124582052231,0.0005410916637629271,-0.020204788073897362,0.0015539524611085653,-0.04392344877123833,-0.007840649224817753,-0.018238572403788567,0.00540221156552434,0.005587432533502579
T04,-0.007801612373441458,0.005629770923405886,-0.050957776606082916,0.007563283666968346,-0.011459160596132278,-0.002855639671906829,0.006025873124599457,0.00678164791315794,0.07594496011734009,-0.016908785328269005,0.0042174747213721275,-0.0015446313191205263,-0.027988776564598083,-0.1224929541349411,-0.07146718353033066,-0.002666355110704899,-0.004261118359863758,-0.04049121215939522,0.028493331745266914,-0.030060360208153725,0.09593694657087326,-0.8079443573951721,0.10342724621295929,0.006124761886894703,0.006710946559906006,-0.013696183450520039,0.023016739636659622,-0.0021100081503391266,0.13696591556072235,-0.004532383754849434,0.014493858441710472,-0.014747033827006817,-0.1478388011455536,-0.20864786207675934,0.045344240963459015,0.0032699108123779297,-0.03697320818901062,0.00814967229962349,-0.06376714259386063,0.02992156893014908,-0.0353798046708107,0.017345847561955452,-0.08448263257741928,-0.10835547000169754,0.011550167575478554
T05,-0.033900223672389984,0.004108212888240814,0.01045693177729845,-0.05322572588920593,-0.05867732688784599,-0.022821305319666862,-0.0026003574021160603,-0.02605557069182396,-0.07776114344596863,-0.058453887701034546,-0.009229111485183239,-0.011403233744204044,0.03952677920460701,-0.05302921310067177,-0.05165983736515045,0.00235243933275342,-0.05098618194460869,-0.04867813363671303,0.1189296543598175,-0.07780919224023819,-0.07236523181200027,-5.235570430755615,-1.4179871082305908,-0.38101473450660706,-0.0183222908526659,-0.17065581679344177,-0.004195962566882372,0.10212750732898712,-0.16752605140209198,-0.019145378842949867,0.030659638345241547,-0.2212555855512619,-0.025100335478782654,-1.5585800409317017,-0.3087434768676758,-0.032487209886312485,0.018502242863178253,0.0022895336151123047,-0.02768259309232235,0.03566279262304306,-0.06889889389276505,0.014130871742963791,-0.0004282961308490485,-0.07027432322502136,-0.11556964367628098
T06,0.005493543576449156,-0.020716775208711624,-0.005788060370832682,0.004245807882398367,-0.006517905276268721,-0.0020745485089719296,-0.0022127691190689802,-0.01316538080573082,-0.0072716232389211655,0.005366712808609009,0.0005906855221837759,-0.012050211429595947,-0.014091218821704388,0.013689888641238213,-0.02887960895895958,-0.009001986123621464,-0.007588404230773449,-0.03873329609632492,-0.015298884361982346,0.0017086263978853822,0.008339663036167622,0.036812689155340195,-0.03410371020436287,0.012383571825921535,0.0028512999415397644,-0.0020019293297082186,0.0038973724003881216,0.007194170728325844,0.01619049347937107,0.005702396389096975,0.008588405326008797,-0.003974711988121271,-0.02111895941197872,-0.021141789853572845,0.021228570491075516,-0.017371663823723793,0.02455720864236355,0.0016851838445290923,-0.0073484876193106174,0.012844233773648739,-0.06762735545635223,0.03508070856332779,0.0053642489947378635,0.0028318280819803476,-0.02016337588429451
T07,-0.017259273678064346,0.001885531353764236,-0.024570783600211143,0.015014718286693096,-1.539917320769746e-05,-0.008726055733859539,-0.004243409261107445,-0.05046086013317108,-0.026221103966236115,-0.017890620976686478,-0.003037473652511835,-0.026970399543642998,0.0457681342959404,-0.014903390780091286,-0.011996354907751083,0.0024926771875470877,0.008110296912491322,-0.045452263206243515,0.00794727262109518,0.012338384054601192,0.009235731326043606,-0.017647208645939827,0.024129165336489677,-0.03828680142760277,-0.01649593748152256,-0.029853736981749535,0.03727920353412628,-0.0037805247120559216,-0.015600870363414288,0.016391314566135406,0.012636112980544567,-0.00788333360105753,-0.05796784162521362,-0.02886887453496456,0.04197404533624649,-0.00987192988395691,0.013693302869796753,-0.01390004064887762,-0.03068912774324417,0.009936647489666939,0.0012985974317416549,0.04425911605358124,-0.04546117037534714,-0.024223187938332558,0.001016457681544125
T08,-0.00021359762467909604,-0.007275696378201246,0.00058412563521415,0.021067410707473755,-0.004260558634996414,-0.015380199067294598,0.001736150123178959,-0.009562244638800621,0.009195482358336449,-0.005796158220618963,0.001236876123584807,0.0031795455142855644,-0.0014706465881317854,-0.07306675612926483,-0.008089045993983746,0.005652949679642916,-0.015361875295639038,-0.009745897725224495,-0.0070917424745857716,-0.01365536730736494,0.0293587613850832,0.011719321832060814,0.014103795401751995,-0.028403308242559433,-0.00440662307664752,-0.009100948460400105,0.027015138417482376,0.01780102774500847,-0.006548501551151276,0.0070931571535766125,0.008582903072237968,-0.024289602413773537,-0.012101013213396072,-0.01649731583893299,0.005730984266847372,-0.0027587085496634245,0.014885206706821918,-0.0025770722422748804,-0.019001638516783714,0.010225418023765087,0.011529773473739624,0.010822677984833717,-0.0050486368127167225,0.002970688510686159,-0.006164764519780874
T09,-0.002777157351374626,-0.01876053586602211,0.0163259394466877,0.010881077498197556,-0.012948036193847656,-0.010175857692956924,-0.004792346619069576,3.6539509892463684e-05,-0.013052004389464855,-0.013978543691337109,-0.0015108822844922543,0.0005169622018001974,0.005133409518748522,-0.011306452564895153,-0.02300526760518551,-0.005145212169736624,-0.0014620105503126979,0.0007008014363236725,0.016004130244255066,-0.0021107385400682688,0.023928508162498474,-0.004723487421870232,0.0598495677113533,-0.05868292972445488,-0.001984180184081197,-0.026024889200925827,0.03138216957449913,-0.0029406994581222534,-0.008986465632915497,0.03652222082018852,0.013533555902540684,-0.011349616572260857,-0.045368801802396774,-0.007596421521157026,0.03551369905471802,-0.021388743072748184,0.008491449989378452,-0.0017592067597433925,-0.010265820659697056,0.009533229283988476,-0.03038662113249302,0.03307732939720154,-0.023638784885406494,-0.000774831569287926,-0.007463551592081785
T10,0.0036041014827787876,0.003946080803871155,0.007411577273160219,0.008924080990254879,-0.0036165055353194475,-0.00326935900375247,0.0026970142498612404,-0.007008582819253206,0.004518846515566111,-0.00795307569205761,-0.004536615218967199,0.008515582419931889,0.0029367036186158657,-0.028403891250491142,-0.019434291869401932,0.001080788904801011,-0.00772838294506073,-0.00864030234515667,-0.018630394712090492,0.022945169359445572,0.02610071189701557,-0.003956696018576622,-0.004664991050958633,0.003663488430902362,0.005262625403702259,-0.012074008584022522,0.01939571090042591,0.007455835118889809,0.017947064712643623,0.008322823792696,-0.0003482336178421974,-0.022347453981637955,-0.02405116893351078,-0.008330306969583035,0.0015082943718880415,-0.0029503810219466686,0.029291575774550438,-0.0034659123048186302,0.00798096414655447,0.012412995100021362,-0.06343580782413483,0.013754098676145077,-0.019001420587301254,-0.0033986454363912344,-0.013215169310569763
U00,-1.3909376859664917,-0.12143935263156891,-0.06351032853126526,-0.009148559533059597,-0.08871625363826752,-0.12930014729499817,-0.07799288630485535,-0.06925933063030243,-6.15187406539917,-0.06390029937028885,-0.0828905776143074,-0.21523112058639526,-0.48121827840805054,0.02676795981824398,0.01569272391498089,-0.05695202201604843,0.0029863701201975346,-0.07712332904338837,-0.28689801692962646,-0.034817494451999664,0.09916213154792786,0.009312355890870094,0.11750555038452148,-0.05022307485342026,-0.04992819204926491,-0.07726640999317169,0.019983716309070587,-0.07542780041694641,-0.1025332435965538,0.033675577491521835,0.005972343496978283,-0.017738111317157745,-0.13110536336898804,-0.013431300409138203,-0.02825879119336605,-0.041975561529397964,-0.024745292961597443,0.009200976230204105,-0.0008742548525333405,0.010624716058373451,-0.12887468934059143,0.05575507879257202,0.05862419307231903,-2.722036838531494,-0.01921674609184265
E00,-0.06017342209815979,-3.364096164703369,-0.5238696336746216,-0.03165099397301674,-0.03705185651779175,-0.24297912418842316,-0.011785054579377174,-0.26748937368392944,-0.0158573929220438,-0.032406847923994064,-0.09229620546102524,-0.12949717044830322,0.11062581092119217,0.07017357647418976,-0.0724463015794754,-0.07666561752557755,-0.4232807159423828,-0.026518527418375015,0.1631372570991516,-0.022247524932026863,-0.0345783494412899,0.014058911241590977,0.15083615481853485,-0.26310864090919495,-0.0036353806499391794,-0.036997079849243164,-0.12592826783657074,-0.1070830225944519,-0.012701064348220825,0.03662355616688728,-0.052679531276226044,-0.03738469257950783,-0.041391074657440186,-0.027371400967240334,-0.0028437350410968065,-0.0024967773351818323,-0.06127440929412842,-0.012758293189108372,-0.011920196004211903,0.005378576461225748,0.0869915634393692,0.10127604007720947,0.01737048476934433,0.001331611885689199,-0.019723447039723396
E01,-0.024081921204924583,0.01633511111140251,-4.110908031463623,-0.0668019950389862,-0.013514004647731781,-0.34857267141342163,-0.1430385261774063,-0.08971672505140305,-0.049807995557785034,-0.052098892629146576,-0.01886538416147232,-0.13424895703792572,-0.017075300216674805,0.025623517110943794,-0.06085823103785515,-0.07386671751737595,-0.011864426545798779,0.036242321133613586,0.1420653760433197,-0.02845306135714054,-0.05404544249176979,0.0003918862494174391,-0.018260018900036812,-0.09814959764480591,-0.06734410673379898,-0.07696481049060822,-0.07661016285419464,-0.07775308191776276,-0.0625062957406044,0.028401115909218788,0.004509225953370333,-0.01777537353336811,-0.09958651661872864,-0.019528714939951897,-0.0013245518784970045,-0.018832767382264137,-0.026334086433053017,0.0169907808303833,0.010455028153955936,-0.0003395513922441751,-0.17759521305561066,-0.0603475421667099,0.0014353443402796984,0.0019575092010200024,-0.0005933887441642582
E02,0.03770836070179939,-4.12067020079121e-05,-0.047218214720487595,-1.8375972509384155,-0.004703446291387081,-0.06288643926382065,0.0009864987805485725,0.0568879172205925,-0.005805256310850382,0.017161324620246887,0.014742818661034107,-0.06887932121753693,-0.041202612221241,-0.00639689713716507,-0.03392382338643074,-0.01697230339050293,-0.05077715218067169,-0.052478693425655365,0.007141056936234236,-0.051483068615198135,-0.020216016098856926,0.017821047455072403,0.025664879009127617,0.02635674737393856,-0.06974919140338898,-0.029874294996261597,0.15012012422084808,-0.072994664311409,-0.042427852749824524,0.014440353959798813,-0.017027374356985092,-0.027579283341765404,-0.08106952160596848,0.003087427467107773,-0.02214539796113968,-0.02112877182662487,0.0074722678400576115,0.006351273041218519,-0.020524822175502777,-0.006845199968665838,0.017723800614476204,-0.00011192389501957223,0.02171347476541996,0.00028814675169996917,0.004087322391569614
E03,0.012146174907684326,-0.014032128266990185,-0.006814839784055948,-0.07332801073789597,-0.5289539098739624,-0.07993536442518234,-0.011890629306435585,0.0037021925672888756,-0.0502752922475338,0.030622858554124832,0.00456965621560812,-0.055707741528749466,0.0334649384021759,-0.05616498365998268,-0.030046314001083374,-0.017448872327804565,-0.04753207042813301,-0.028887804597616196,0.07917197793722153,-0.09149764478206635,0.005384181160479784,0.023900635540485382,0.036806557327508926,-0.15969662368297577,-0.026640329509973526,-0.40057000517845154,-0.5562009811401367,-0.030250955373048782,-0.10619547218084335,0.03308354318141937,-0.004732906352728605,-0.009056436829268932,0.05489359796047211,0.010748748667538166,0.0180848129093647,-0.0067705633118748665,0.024387411773204803,0.0005509433103725314,0.0324772410094738,-0.019271288067102432,-0.05740341544151306,-0.010553624480962753,0.003212487790733576,-0.011802068911492825,-0.0004348286602180451
E04,-0.004244072828441858,-0.008972418494522572,-0.05740756914019585,-0.016207104548811913,-0.714483380317688,-0.03424283117055893,-0.0035109405871480703,-0.019036471843719482,-0.07401663810014725,-0.016727657988667488,-0.011827998794615269,-0.02253255620598793,-0.009164626710116863,-0.04672886058688164,-0.05472211167216301,-0.017140857875347137,-0.004299091175198555,-0.016075091436505318,0.04767375439405441,-0.04164872318506241,0.00406640162691474,-0.0116707943379879,0.09263051301240921,-0.07320661097764969,-0.07321517169475555,-0.03790099173784256,-0.09335587173700333,-0.022995702922344208,-0.030781125649809837,0.039830151945352554,0.02769586630165577,0.01775922067463398,-0.002488894620910287,0.011529183946549892,-0.02746063843369484,-0.019281838089227676,-0.009027350693941116,-0.006262761540710926,-0.030337264761328697,-0.010094597004354,-0.17080998420715332,0.0830298438668251,0.019807958975434303,-0.0143882492557168,0.007508569397032261
E05,0.001753959571942687,0.0034248863812536,-0.024861574172973633,0.010997128672897816,-0.7445206642150879,-0.11469718813896179,-0.006249592639505863,-0.011221774853765965,-0.017639195546507835,-0.00950929056853056,-0.013387573882937431,-0.018637897446751595,0.029755163937807083,0.0024912527296692133,-0.04974564164876938,0.0062669748440384865,-0.01503730472177267,-0.06608536839485168,0.07820342481136322,-0.02671302668750286,0.011575616896152496,-0.012622566893696785,0.01940940134227276,0.0006454013055190444,-0.03868693485856056,-0.03139326721429825,-0.08695141971111298,-0.045757465064525604,-0.030414005741477013,0.031091945245862007,0.0019391600508242846,-0.00680233258754015,-0.043362557888031006,-0.009451172314584255,-0.0070581897161901,-0.022831730544567108,-0.0103715555742383,-0.01396385207772255,-0.040171656757593155,-0.004448113963007927,-0.057338226586580276,-0.0006455758702941239,0.026534875854849815,-0.008243746124207973,0.002278036205098033
E06,-0.006132102105766535,-0.0406247042119503,-0.017254529520869255,0.0008476835791952908,0.05718357488512993,-0.9595258235931396,-0.057579465210437775,-0.015671415254473686,-0.07702838629484177,-0.00796217005699873,-0.007446036674082279,-0.04565824195742607,0.009390043094754219,0.058021459728479385,-0.10716281831264496,-0.13783448934555054,-0.005446493625640869,-0.07178133726119995,-0.06446083635091782,-0.062254391610622406,0.013654840178787708,0.0033896334934979677,0.07955390959978104,-0.04345984756946564,-0.032802339643239975,-0.05475587770342827,0.023526906967163086,0.043925561010837555,-0.012172023765742779,0.034596510231494904,0.034277211874723434,-0.04507153108716011,-0.032168880105018616,-0.009310189634561539,-0.022365260869264603,-0.08417049795389175,-0.0512024350464344,-0.03646263852715492,0.03346875682473183,-0.0076861875131726265,-0.1256294548511505,0.16481730341911316,0.04725181311368942,0.0008481967379339039,-0.0015262344386428595
E07,-0.00371576938778162,-0.025467028841376305,-0.011044010519981384,-0.003121808171272278,-0.028435133397579193,-2.1802420616149902,-0.12997114658355713,-0.00537723395973444,-0.08891242742538452,-0.04232990741729736,-0.030510958284139633,-0.030112551525235176,0.00016517932817805558,-6.477428541984409e-05,0.029548177495598793,-0.1678609549999237,-0.4193458557128906,-0.10595949739217758,-0.09614256769418716,0.05361838638782501,-0.033084090799093246,0.004559596534818411,-0.030059706419706345,0.02228408493101597,0.047411222010850906,-0.015218096785247326,0.0059630232863128185,-0.050168804824352264,-0.02880660630762577,0.007665154058486223,-0.04876840114593506,-0.03548358008265495,-0.0996401384472847,-0.03722095862030983,-0.007006698753684759,0.02471558190882206,-0.010136323049664497,-0.027359185740351677,-0.026989771053195,0.008565681055188179,-0.21181726455688477,-0.20068217813968658,0.0004974200273863971,-0.019657526165246964,0.017827680334448814
E08,-0.0189142394810915,-0.039143308997154236,-0.11220311373472214,0.013289385475218296,-0.02699844166636467,-0.010381454601883888,-1.775649905204773,-0.11971449851989746,-0.09363343566656113,-0.31174713373184204,-0.018989261239767075,-0.07749181240797043,-0.042469315230846405,0.08640445023775101,-0.06963792443275452,-0.13537125289440155,0.07017713040113449,-0.07017527520656586,-0.024060824885964394,-0.25263747572898865,0.0721132829785347,0.0007990484591573477,0.005052951630204916,-0.08050329983234406,0.015311270952224731,-0.03610753268003464,0.0067525627091526985,-0.00467311404645443,-0.037456199526786804,0.00391742680221796,-0.005056136287748814,-0.01326519250869751,0.025072596967220306,-0.012773151509463787,0.01166237611323595,-0.32682186365127563,-0.006595254875719547,-0.011430270038545132,-0.024852698668837547,-0.002745829988270998,-0.002963867736980319,-0.5251865983009338,0.028416158631443977,0.0008299369947053492,0.0034107821993529797
E09,-0.004331583622843027,0.0010672599310055375,-0.027067437767982483,0.01486736536026001,-0.03394069895148277,-0.04460990056395531,-2.367426633834839,-0.07129625231027603,-0.08414781093597412,-0.037593696266412735,0.010295840911567211,-0.06429988890886307,0.029928548261523247,0.10194460302591324,-0.0330534428358078,-0.016640692949295044,-0.07907278090715408,-0.04373488947749138,0.03975720703601837,-0.01168854907155037,-0.014058872126042843,-9.676544868852943e-05,-0.01811651885509491,-0.002492803381755948,-0.07390199601650238,-0.017616720870137215,0.01848491281270981,-0.017943136394023895,-0.0097805829718709,0.04683094471693039,-0.06225869059562683,-0.015487408265471458,-0.023052463307976723,-8.83638858795166e-06,0.0022523771040141582,0.015479974448680878,-0.013991257175803185,-0.013793752528727055,-0.061548229306936264,0.003275654511526227,-0.08629585802555084,0.02669633738696575,-0.014441319741308689,-0.009058943018317223,0.035389453172683716
E10,-0.0044569289311766624,-0.06047315523028374,-0.06379073858261108,-0.01271812617778778,-0.016196075826883316,0.019319459795951843,-0.030747942626476288,-3.6316301822662354,-0.14729559421539307,-0.015272431075572968,-0.507427453994751,-0.03769689425826073,-0.06926120817661285,0.3776589035987854,-1.6089781522750854,-0.14558155834674835,-0.0691346824169159,-0.02262549102306366,0.24049197137355804,0.14189490675926208,-0.2818543314933777,0.04770785570144653,0.00387209327891469,-0.013678687624633312,-0.03431930020451546,-0.05620159953832626,-0.0446605421602726,-0.18908795714378357,-0.14536619186401367,0.02387070283293724,-0.07931721210479736,-0.3006344735622406,-0.14180411398410797,-0.017391696572303772,0.01685769483447075,-0.028585176914930344,0.02178506925702095,-0.04163333401083946,-0.0017911667237058282,0.0006857785047031939,-0.12863144278526306,-0.061315394937992096,0.05337812006473541,0.0026307241059839725,-0.02100740559399128
C00,,-0.7398103475570679,-0.30493274331092834,-0.20287573337554932,-0.13030780851840973,-0.28007978200912476,-0.10076570510864258,0.09180951118469238,-0.8494716286659241,-0.13467834889888763,-0.11907299607992172,-0.17625294625759125,-0.05569113418459892,0.21067580580711365,0.05707184970378876,-0.1775972694158554,-0.12702642381191254,-0.14106979966163635,-0.2086217999458313,-0.07245314866304398,-0.024189727380871773,-0.1888381540775299,0.01733759604394436,-0.12086860090494156,-0.021730026230216026,-0.31886905431747437,-0.03339183330535889,-0.12656544148921967,0.18258880078792572,0.11607459932565689,0.011286605149507523,-0.13677647709846497,0.05990515276789665,-0.07899516820907593,-0.013904656283557415,0.0336223840713501,-0.03678290173411369,-0.08978372067213058,-0.15222840011119843,0.01967320777475834,0.019004475325345993,0.012269836850464344,-0.009689461439847946,0.03518509492278099,-0.017177652567625046
C01,,,-2.377143144607544,0.015071057714521885,-0.10017766803503036,-5.126473115524277e-05,-0.04407127574086189,-0.008371608331799507,-0.11978501826524734,-0.04207589104771614,-0.055939931422472,-0.08698607236146927,0.02488008327782154,0.09441687911748886,-0.05638325959444046,0.003842209232971072,-0.050003018230199814,-0.00907165091484785,0.021753959357738495,-0.004124474246054888,0.001791644492186606,-0.026204688474535942,0.01225587259978056,0.017573844641447067,0.0031888382509350777,-0.0455469973385334,0.02840357832610607,0.004553398583084345,-0.01192469522356987,0.03045804612338543,-0.0060211122035980225,0.009200147353112698,0.02211224101483822,-0.01460651308298111,0.007378795649856329,-0.0009832323994487524,0.0020981659181416035,-0.008460808545351028,0.0029856504406780005,0.011060510762035847,-0.02344292402267456,-0.02715384215116501,0.014899730682373047,0.00740376440808177,-0.017129048705101013
C02,,,,-1.6686218976974487,-0.01555374450981617,0.08493945747613907,-0.012857027351856232,-0.04229093715548515,-0.028773164376616478,0.021041955798864365,-0.04190549999475479,-0.02747427113354206,-0.03716452792286873,0.041109438985586166,-0.08168426901102066,0.019440049305558205,-0.005379379261285067,-0.019692709669470787,-0.060681819915771484,-0.00719202496111393,-0.007104247808456421,-0.018503937870264053,-0.0032417529728263617,0.025288483127951622,-0.00964569952338934,-0.031739380210638046,0.039005354046821594,0.018383370712399483,-0.024504171684384346,0.0016411186661571264,-0.025754058733582497,-0.01842067949473858,0.07209993898868561,-0.017053147777915,-0.0066375224851071835,-0.02685161866247654,0.011674958281219006,-0.011166957207024097,-0.008091949857771397,0.014854450710117817,0.05683455616235733,-0.02040277235209942,0.0070665511302649975,0.02039296180009842,-0.021431220695376396
C03,,,,,-0.7059292793273926,-0.13182182610034943,-0.0924614816904068,0.027641166001558304,-0.048725515604019165,-0.07488362491130829,-0.03974946588277817,-0.0319695807993412,0.0016767074121162295,-0.01028154045343399,-0.057353608310222626,0.010965610854327679,-0.018113430589437485,0.0026549689937382936,-0.02075023204088211,-0.01382161770015955,-0.0005281415651552379,-0.008742930367588997,-0.023746369406580925,-0.005189976654946804,-0.013203964568674564,-0.06812460720539093,-0.027619516476988792,0.03059300221502781,0.03007226623594761,0.011842969805002213,0.006314325612038374,0.004577340092509985,-0.0011088831815868616,-0.014843344688415527,-0.008343508467078209,0.0016093493904918432,0.006709192879498005,-0.007831595838069916,0.004553173668682575,0.006211340893059969,-0.043436698615550995,0.01114834938198328,0.0036595070268958807,0.022122211754322052,-0.005039018113166094
C04,,,,,,-0.2735258936882019,-0.056410230696201324,0.0014056935906410217,0.013385605067014694,-0.037820469588041306,-0.014739131554961205,-0.02387494407594204,0.10078022629022598,0.05455642193555832,-0.0789167657494545,0.017643149942159653,-0.018219031393527985,-0.002524005249142647,-0.07955101132392883,0.024306626990437508,-0.048302505165338516,-0.0034072422422468662,-0.05417128652334213,-0.008794820867478848,0.0005208055954426527,-0.08598675578832626,-0.029698921367526054,0.0005411196034401655,0.026322662830352783,-0.0012877103872597218,-0.005780684761703014,0.01065145991742611,0.11089833080768585,0.007272448856383562,0.009265990927815437,-0.008433577604591846,0.04010679945349693,-0.003700500587001443,-0.013421780429780483,-0.003710163524374366,-0.012319415807723999,0.02996046096086502,0.027832088991999626,0.009032747708261013,-0.014740954153239727
C05,,,,,,,-0.7737298607826233,-0.18518874049186707,-0.05084225535392761,0.09033054113388062,-0.03369941934943199,-0.026695532724261284,0.005401364527642727,-0.06069974973797798,-0.1001284271478653,0.006303153466433287,-0.014677652157843113,0.007704007439315319,-0.022883040830492973,-0.045040782541036606,0.021875105798244476,-0.014022416435182095,-0.023239923641085625,0.01711873896420002,-0.02602604776620865,-0.06442920863628387,0.005551718175411224,0.007770218886435032,0.00617598881945014,0.0018745280103757977,-0.007476567756384611,0.029414495453238487,0.0008993890951387584,-0.00872682686895132,0.0009622318902984262,-0.0027786907739937305,0.02591615542769432,-0.0182768814265728,0.0015566786751151085,8.007539145182818e-05,-0.006742921657860279,0.026459939777851105,0.021974435076117516,0.017001518979668617,-0.021260753273963928
C06,,,,,,,,-1.340745449066162,-0.01318081934005022,-0.11251844465732574,-0.001879638060927391,-0.032833848148584366,-0.015283606015145779,-0.034640077501535416,-0.04677204042673111,-0.013518196530640125,-0.0358557254076004,-0.019583221524953842,-0.0508577898144722,-0.03829295188188553,0.009386833757162094,0.0011237016879022121,-0.01603405363857746,0.026372063905000687,-0.008393127471208572,-0.029280269518494606,0.006310004275292158,-0.025135843083262444,-0.03084857016801834,-0.005477158818393946,-0.017420221120119095,0.027832837775349617,0.06290259957313538,-0.0163907278329134,0.004506686236709356,-0.01666801981627941,0.03910432383418083,-0.02076687663793564,-0.013432244770228863,0.009430290199816227,0.015861615538597107,0.006595787592232227,0.008168590255081654,0.0051843272522091866,-0.015761258080601692
C07,,,,,,,,,-0.16596461832523346,-0.036825139075517654,-0.09553992748260498,-0.06285751610994339,-0.016381923109292984,-0.11507786065340042,-0.08685921877622604,-0.015159438364207745,-0.025341784581542015,-0.00497035589069128,0.0020375284366309643,-0.05537750944495201,0.04309220239520073,-0.00695808744058013,-0.04052910581231117,0.04303678125143051,-0.022501377388834953,-0.015818899497389793,0.02636478655040264,0.0006526634097099304,-0.016826415434479713,0.014780365861952305,0.011790657415986061,0.001923255156725645,0.005802009720355272,-0.014702565036714077,-0.028298210352659225,-0.004731785040348768,0.031155111268162727,-0.004843628965318203,-0.03124896250665188,0.020608706399798393,0.004352480173110962,-0.03630911931395531,0.005482460837811232,0.0017310383263975382,-0.0197905283421278
C08,,,,,,,,,,-0.49749693274497986,-0.16193491220474243,-0.08747483044862747,-0.1375400722026825,-0.01928890123963356,-0.0031668890733271837,-0.02489202655851841,-0.03699565306305885,-0.029911309480667114,-0.09983076900243759,-0.07930384576320648,0.024053482338786125,-0.028076307848095894,-0.05225784331560135,0.12924161553382874,-0.004976899363100529,-0.014934441074728966,0.017599301412701607,0.005537208169698715,0.05522352084517479,0.024806978181004524,0.006431141868233681,-0.05905141681432724,0.004095295909792185,-0.015948131680488586,-0.0063755689188838005,-0.020710062235593796,-0.009339399635791779,0.001267808023840189,-0.017147282138466835,0.0025634998455643654,-0.07969865947961807,-0.01099090650677681,-0.05642075464129448,-0.0006401868304237723,0.024948734790086746
C09,,,,,,,,,,,-1.3053358793258667,-0.4807080328464508,-0.2161276638507843,-0.1780078411102295,-0.11114034056663513,-0.00790812075138092,-0.07637478411197662,-0.012383800931274891,0.00900848675519228,-0.042507950216531754,-0.0006231642328202724,-5.0277139962418005e-05,0.059523146599531174,0.015648886561393738,-0.030924847349524498,-0.04418489709496498,0.008346638642251492,-0.019741393625736237,0.04742906987667084,0.014454345218837261,-0.0481451041996479,0.026486165821552277,0.15281468629837036,-0.00863329041749239,-0.0003602009383030236,-0.010134680196642876,0.011681444011628628,-0.010542628355324268,0.008554298430681229,-0.00329124485142529,-0.018242161720991135,-0.04537402093410492,0.015800857916474342,0.009888175874948502,-0.01593947783112526
C10,,,,,,,,,,,,-0.6126222610473633,-0.11479223519563675,-1.109910249710083,-0.2828471064567566,-0.06066761910915375,-0.04264955222606659,-0.04081714525818825,0.0360347181558609,-0.08569178730249405,0.030614646151661873,-0.005492030642926693,-0.008762703277170658,0.08445767313241959,-0.03387679159641266,-0.06480132043361664,0.0074368552304804325,0.007938452996313572,0.006754353642463684,0.016009211540222168,-0.0006220238283276558,0.009991546161472797,0.11780556291341782,-0.025134749710559845,0.006060310173779726,-0.019868727773427963,-0.003527531400322914,0.0015048709465190768,-0.043192554265260696,0.029574895277619362,0.04626858979463577,-0.019902992993593216,0.027063142508268356,0.018218915909528732,-0.032151736319065094
C11,,,,,,,,,,,,,-0.07183320075273514,0.010207971557974815,-0.08512598276138306,-0.01960788480937481,-0.029804188758134842,0.017855491489171982,0.0035353335551917553,-0.07656263560056686,-0.009989309124648571,-0.004069372080266476,-0.020279619842767715,-0.03815699741244316,-0.01950274594128132,-0.04658256843686104,-0.007229965645819902,0.0035565532743930817,0.022470638155937195,0.009783908724784851,0.01753070577979088,-0.013541297055780888,0.05663945898413658,-0.021348467096686363,-0.01729368418455124,0.002379074925556779,0.005533948540687561,-0.007324874401092529,0.01003927644342184,0.002822425914928317,-0.007225406356155872,-0.01946304924786091,0.005906234961003065,0.01422354020178318,-0.0034140918869525194
C12,,,,,,,,,,,,,,-0.15834927558898926,-0.04050741717219353,-0.02753833495080471,0.02591874450445175,0.013310086913406849,-0.11409200727939606,-0.020579027011990547,0.006257341708987951,-0.004838913679122925,-0.047344911843538284,-0.09193893522024155,-0.026845434680581093,-0.1248413696885109,0.024054789915680885,0.013627098873257637,-0.03790053725242615,0.030385779216885567,-0.025367580354213715,-0.012479724362492561,0.008991426788270473,-0.00636180117726326,0.009521310217678547,-0.020512107759714127,-0.00017458247020840645,-0.011313573457300663,-0.008097060024738312,0.019934866577386856,-0.018272459506988525,0.008345329202711582,0.01622382365167141,-0.002972484566271305,-0.010976100340485573
C13,,,,,,,,,,,,,,,-0.895112156867981,0.05134217068552971,-0.055922653526067734,-0.024783488363027573,0.015925023704767227,-0.029277468100190163,0.012962455861270428,-0.010172100737690926,-0.008482320234179497,-0.023414183408021927,0.01365263294428587,-0.0003637954650912434,0.04381777346134186,0.02772880718111992,0.03958245366811752,0.02345186471939087,0.022851696237921715,-0.1445131003856659,0.08636359125375748,-0.02865421026945114,0.022504180669784546,-0.03103659674525261,0.036209046840667725,-0.01058452483266592,-0.02378705143928528,0.013655032031238079,0.10474769026041031,0.005756470840424299,-0.007568807806819677,0.01464269869029522,-0.04450955241918564
C14,,,,,,,,,,,,,,,,-0.04942489415407181,0.006061127409338951,-0.013831883668899536,0.09661032259464264,0.0151519775390625,-0.07486432790756226,0.019784368574619293,-0.0009727456490509212,-0.013981901109218597,0.01678089238703251,-0.0750710517168045,0.013014402240514755,-0.051193222403526306,-0.018680835142731667,0.009488191455602646,0.02797381579875946,-0.006093052215874195,0.05078408494591713,-0.019419705495238304,-0.006359218154102564,-0.004267428535968065,0.017644662410020828,-0.013393514789640903,-0.013491947203874588,0.015121260657906532,0.006269088480621576,-0.020059941336512566,0.003944003954529762,0.009278081357479095,-0.00011429616279201582
C15,,,,,,,,,,,,,,,,,-0.9185665249824524,0.06054878979921341,0.24152451753616333,0.019256766885519028,-0.47206175327301025,0.029993994161486626,-0.05175517126917839,0.1878671497106552,0.017673548310995102,-0.04145561903715134,-0.035855982452631,0.014339392073452473,0.16816414892673492,-0.05403300002217293,-0.09288031607866287,-0.016024144366383553,-0.04937808960676193,-0.01291722897440195,0.045855823904275894,0.0328303724527359,0.040348898619413376,-0.01393419224768877,-0.11703619360923767,0.016862237825989723,0.03191031143069267,0.0040070731192827225,-0.02101346105337143,-0.005174287594854832,-0.022608745843172073
C16,,,,,,,,,,,,,,,,,,-1.0674279928207397,0.016382601112127304,-0.13434572517871857,-0.06358752399682999,0.0075466325506567955,0.05076035112142563,-0.01880628429353237,0.012826023623347282,-0.047747496515512466,0.022331230342388153,-0.00353984534740448,-0.0765717402100563,0.01202265452593565,-0.020406391471624374,-0.014404053799808025,-0.011324130930006504,-0.013012395240366459,-0.007739037275314331,0.03775452449917793,0.006736038718372583,0.011997884139418602,-0.11070501059293747,0.01128328312188387,-0.02430010959506035,-0.03751276805996895,-0.007714459672570229,0.008189903572201729,-0.005551469046622515
C17,,,,,,,,,,,,,,,,,,,-0.4671207070350647,0.012162892147898674,-0.19311906397342682,0.0249016173183918,0.06082091107964516,0.100400909781456,-0.04951120913028717,-0.01986219733953476,-0.0010834261775016785,-0.010866032913327217,0.003922800067812204,-0.06599603593349457,0.04078119620680809,0.0031734148506075144,-0.015454883687198162,-0.010037300176918507,0.005896012298762798,0.026093583554029465,0.017322799190878868,-0.045255061239004135,-0.16291452944278717,0.0012586491648107767,-0.014872411265969276,0.0003495199780445546,0.013906631618738174,0.015399963594973087,0.020575791597366333
C18,,,,,,,,,,,,,,,,,,,,-0.2807740569114685,-0.0829259529709816,0.012241744436323643,0.073121078312397,-0.017482241615653038,0.03365575522184372,-0.037682097405195236,-0.014308826066553593,0.03327629715204239,-0.004095833282917738,0.03407000005245209,-0.018441928550601006,0.051263563334941864,-0.028250137344002724,-0.028017595410346985,-0.0373738668859005,-0.06106807664036751,0.03126085177063942,-0.0361078716814518,0.028715306892991066,0.017250878736376762,0.010432297363877296,-0.028652630746364594,0.03527476266026497,-0.0022914877627044916,0.02944725751876831
C19,,,,,,,,,,,,,,,,,,,,,-0.10605587810277939,-0.16916343569755554,-0.06859445571899414,-0.021325508132576942,-0.04342970997095108,-0.05333364009857178,0.002754374174401164,-0.05264242738485336,-0.053166747093200684,0.0164010152220726,0.007836089469492435,0.012943295761942863,0.022557726129889488,-0.02284548245370388,-0.056928135454654694,0.021849751472473145,0.009901615791022778,-0.03464449942111969,0.0421646349132061,0.0010234860237687826,-0.10181102901697159,-0.014120558276772499,-0.0014674918493255973,0.018892044201493263,-0.029599696397781372
C20,,,,,,,,,,,,,,,,,,,,,,-0.8183913826942444,-0.06980200111865997,-0.18598979711532593,-0.11990185081958771,-0.01922645978629589,0.0005780163919553161,-0.009459592401981354,-0.024030126631259918,0.04543742537498474,0.013142108917236328,-0.011974851600825787,0.06958534568548203,-0.01100871991366148,-0.019407276064157486,-0.009237328544259071,0.01498971227556467,-0.05375993624329567,0.013052226044237614,0.006654234137386084,-0.056307293474674225,0.02199815958738327,-0.010859367437660694,0.008796817623078823,0.012745022773742676
C21,,,,,,,,,,,,,,,,,,,,,,,-0.580655574798584,-0.437077134847641,-0.038691066205501556,-0.04306640103459358,-0.02980380691587925,-0.014363840222358704,0.07889603823423386,0.00647802883759141,-0.009783083572983742,-0.03522755205631256,-0.0430014505982399,-0.06360656768083572,-0.018250489607453346,0.013896835036575794,0.055330704897642136,-0.01021011732518673,-0.005260145291686058,0.02900518849492073,0.014607717283070087,0.005952783394604921,-0.03935417905449867,-0.032689016312360764,-0.0001980896486202255
C22,,,,,,,,,,,,,,,,,,,,,,,,-1.0695466995239258,-0.04142729192972183,-0.012027943506836891,-0.02899996191263199,-0.0868244618177414,-0.31365060806274414,0.03338200971484184,0.045946571975946426,-0.03129583224654198,0.022181736305356026,-0.05620307847857475,-0.0026466730050742626,-0.014668459072709084,-0.03670809790492058,-0.0679999589920044,-0.005207432899624109,0.02523742988705635,-0.016120295971632004,0.027783697471022606,-0.009672431275248528,0.013010174036026001,-0.044460784643888474
C23,,,,,,,,,,,,,,,,,,,,,,,,,-0.15210548043251038,-0.1325366199016571,0.03674229979515076,0.016098503023386,-0.57554692029953,0.022409997880458832,-0.008103140629827976,-0.007993471808731556,-0.021725015714764595,0.004699695389717817,-0.02992788888514042,-0.0031268056482076645,0.03464674577116966,0.015227194875478745,0.06250607222318649,0.011128471232950687,-0.05206483602523804,-0.00855935737490654,-0.007711281068623066,0.007299758493900299,0.0016730593051761389
C24,,,,,,,,,,,,,,,,,,,,,,,,,,-0.3810499310493469,0.018064800649881363,-0.0038198865950107574,0.05755779147148132,0.01638631708920002,0.02955005317926407,-0.0037555138114839792,0.022871196269989014,-0.008384250104427338,0.023413972929120064,-0.01624743640422821,0.011129657737910748,0.0216221883893013,0.0286018718034029,0.007093585096299648,-0.06025372073054314,0.025202453136444092,-0.004660442471504211,0.031664736568927765,0.00765052018687129
C25,,,,,,,,,,,,,,,,,,,,,,,,,,,-0.14424239099025726,-0.057979121804237366,0.22634156048297882,-0.022758834064006805,-0.010969080030918121,-0.005405215546488762,0.1468254178762436,-0.016832763329148293,0.03158470615744591,0.007203569170087576,0.0699743926525116,-0.040928635746240616,0.007867108099162579,0.02475726790726185,0.0053701577708125114,0.02637709490954876,-0.017863042652606964,-0.0060900007374584675,-0.02851681597530842
C26,,,,,,,,,,,,,,,,,,,,,,,,,,,,-0.7399469614028931,-0.02252417802810669,-0.06608627736568451,0.020325597375631332,-0.06736322492361069,-0.14364928007125854,-0.05013696849346161,0.0070161581970751286,0.016900580376386642,0.0037341732531785965,-0.014543909579515457,0.00747733423486352,0.0007623207638971508,-0.124782994389534,-0.02382873184978962,-0.04942377284169197,0.0011341215576976538,-0.006423025391995907
C27,,,,,,,,,,,,,,,,,,,,,,,,,,,,,-2.665538787841797,-0.10190688818693161,-0.01151479035615921,-0.11623357236385345,-0.09704835712909698,-0.11250751465559006,-0.013691765256226063,0.03599446266889572,0.040690310299396515,0.011915630660951138,0.015758909285068512,0.0451691672205925,-0.0210565272718668,-0.07407015562057495,-0.000662808888591826,0.002251175930723548,-0.05305184796452522
C28,,,,,,,,,,,,,,,,,,,,,,,,,,,,,,-0.17684407532215118,0.0456186905503273,-0.034686680883169174,-0.004770985804498196,-0.006233835127204657,-0.017416348680853844,-0.005420249421149492,0.037434715777635574,0.001043727737851441,-0.02113703079521656,0.007215093355625868,-0.0011254996061325073,0.020024316385388374,0.006146037019789219,0.022562257945537567,-0.003297849791124463
C29,,,,,,,,,,,,,,,,,,,,,,,,,,,,,,,-0.16712427139282227,-0.01820262335240841,-0.04826705902814865,-0.04084467515349388,-0.030302461236715317,0.011924387887120247,-0.026852913200855255,0.049258653074502945,-0.1448424756526947,0.018888212740421295,0.018664170056581497,0.020251624286174774,0.030542073771357536,0.004100782796740532,-0.055610448122024536
C30,,,,,,,,,,,,,,,,,,,,,,,,,,,,,,,,-0.2558608949184418,-0.10618308931589127,-0.07050126045942307,-0.05548982694745064,0.018662232905626297,-0.1230442151427269,-0.052920352667570114,-0.40069058537483215,0.04897340387105942,0.016712021082639694,-0.04061418026685715,-0.027077842503786087,0.006259263027459383,-0.0137912193313241
C31,,,,,,,,,,,,,,,,,,,,,,,,,,,,,,,,,-2.1669929027557373,-0.17501819133758545,0.127007395029068,-0.0045366445556283,-0.023897485807538033,-0.013909995555877686,0.005335571244359016,-0.015145492739975452,0.14246872067451477,-0.00853066984564066,0.07392692565917969,-0.014077583327889442,-0.13061866164207458
C32,,,,,,,,,,,,,,,,,,,,,,,,,,,,,,,,,,-0.7538284659385681,-0.36472755670547485,0.028823334723711014,-0.07555545121431351,-0.008902523666620255,0.03654501587152481,0.05928649380803108,-0.09959939867258072,-0.0248167235404253,0.04821643978357315,-0.02826680615544319,-0.06933808326721191
C33,,,,,,,,,,,,,,,,,,,,,,,,,,,,,,,,,,,-2.1745505332946777,-0.040400274097919464,-0.07049332559108734,-0.008109575137495995,0.05188889801502228,-0.1046762466430664,-0.2802542746067047,0.013732594437897205,0.08535565435886383,-0.09123529493808746,-0.04424859955906868
C34,,,,,,,,,,,,,,,,,,,,,,,,,,,,,,,,,,,,-0.011571286246180534,-0.04565361514687538,-0.024170154705643654,0.04124109819531441,-0.06614092737436295,-0.1070154532790184,-0.03588859364390373,-0.006347046699374914,-0.03636650741100311,0.012377210892736912
C35,,,,,,,,,,,,,,,,,,,,,,,,,,,,,,,,,,,,,-1.9553278684616089,0.04640669748187065,-0.048849668353796005,-0.002258791821077466,0.008614057675004005,-0.05677969381213188,-0.04584398493170738,-0.05747205764055252,-0.02168063260614872
C36,,,,,,,,,,,,,,,,,,,,,,,,,,,,,,,,,,,,,,-0.4205155372619629,-0.17575903236865997,-0.027547847479581833,-0.13190767168998718,0.012403606437146664,-0.02942950278520584,0.010144952684640884,-0.008174269460141659
C37,,,,,,,,,,,,,,,,,,,,,,,,,,,,,,,,,,,,,,,-3.157390594482422,-0.018742866814136505,-0.09134848415851593,0.018657563254237175,-0.008529028855264187,-0.011232524178922176,-3.343075513839722e-05
C38,,,,,,,,,,,,,,,,,,,,,,,,,,,,,,,,,,,,,,,,-0.032712969928979874,-0.02513769268989563,-0.03607088699936867,0.008607913739979267,-0.029087712988257408,-0.005472936201840639
C39,,,,,,,,,,,,,,,,,,,,,,,,,,,,,,,,,,,,,,,,,-1.6055681705474854,-0.8139419555664062,-0.43700355291366577,-0.08923673629760742,-0.022244995459914207
C40,,,,,,,,,,,,,,,,,,,,,,,,,,,,,,,,,,,,,,,,,,-2.436281204223633,-0.1643242985010147,-0.005568759515881538,-0.01823541335761547
C41,,,,,,,,,,,,,,,,,,,,,,,,,,,,,,,,,,,,,,,,,,,-0.1558147817850113,0.029154716059565544,-0.0038789522368460894
C42,,,,,,,,,,,,,,,,,,,,,,,,,,,,,,,,,,,,,,,,,,,,-0.11668117344379425,-0.035738904029130936
C43,,,,,,,,,,,,,,,,,,,,,,,,,,,,,,,,,,,,,,,,,,,,,-0.846418023109436
C44,,,,,,,,,,,,,,,,,,,,,,,,,,,,,,,,,,,,,,,,,,,,,
E00p1,-0.010911911725997925,-1.6605619192123413,-0.03451991453766823,-0.04702652618288994,0.011926648207008839,-0.10031186789274216,-0.03753401339054108,-0.043480802327394485,-0.07959114760160446,-0.004147502593696117,-0.014172468334436417,-0.005259978584945202,-0.009295959025621414,0.004559700842946768,-0.03673795610666275,-0.020816955715417862,-0.08456215262413025,-0.038203876465559006,0.08145792037248611,0.022653598338365555,-0.015407002530992031,-0.01461455412209034,0.04535231366753578,0.05398319289088249,-0.035617195069789886,-0.02397560141980648,-0.017993219196796417,-0.038304924964904785,-0.04143156111240387,0.018706409260630608,-0.015178004279732704,-0.0005120346904732287,-0.007931936532258987,0.006462077144533396,0.0028512838762253523,-0.0001590161118656397,-0.018214691430330276,-0.012801139615476131,-0.005489904433488846,-0.011538219638168812,-0.038980863988399506,0.01880408637225628,-0.01381275337189436,-0.0018863579025492072,-0.007984154857695103
E00p2,-0.0044607133604586124,-0.07107388228178024,0.005860322620719671,-0.03092527948319912,-0.022649213671684265,-0.036164093762636185,-0.0022888886742293835,-0.007245291490107775,-0.059047162532806396,-0.009806846268475056,-0.010289293713867664,-0.06746501475572586,-0.0034864593762904406,-0.0025567698758095503,-0.03720756247639656,-0.02163572981953621,-0.1436321884393692,-0.032630518078804016,0.06832175701856613,-0.030261516571044922,0.027071155607700348,-0.008808433078229427,0.057206880301237106,-0.06735136359930038,-0.005971938371658325,0.007869881577789783,-0.036602310836315155,-0.03736547380685806,-0.05378938093781471,0.05537809804081917,-0.005799893289804459,-0.014766824431717396,-0.1307780146598816,-0.016862723976373672,0.020041227340698242,-0.022037601098418236,-0.04917662963271141,-0.019451655447483063,0.011790881864726543,-0.0037548968102782965,-0.062368474900722504,0.010942962020635605,-0.012184805236756802,0.0005224812193773687,-0.016103679314255714
E00p3,-6.242009112611413e-05,-0.024851622059941292,0.002839238615706563,-0.00012656983744818717,-0.04024149850010872,-0.010128829628229141,-0.0047938465140759945,-0.002988942665979266,-0.03120090812444687,-0.00559893436729908,-0.01682884246110916,-0.03870245814323425,0.03589753434062004,0.022208720445632935,-0.029288798570632935,-0.026702232658863068,-0.05019630491733551,-0.027367467060685158,0.07369386404752731,0.02403114177286625,-0.01454292330890894,0.014395223930478096,0.059809546917676926,-0.05121529847383499,0.025404106825590134,-0.03260958939790726,-0.014272944070398808,-0.051640160381793976,-0.015160302631556988,0.030704637989401817,-0.002365575172007084,-0.006145962979644537,-0.028810789808630943,-0.003490295261144638,0.00266582565382123,0.0011212810641154647,-0.02160414308309555,-0.012834835797548294,0.022039301693439484,0.00588944461196661,-0.08295296132564545,-0.013614573515951633,-0.020426012575626373,-0.0009565340587869287,-0.009440362453460693
E00p4,-0.015208745375275612,0.022828102111816406,-0.0020400516223162413,0.0024963116738945246,-0.05200536921620369,-0.03775285929441452,0.0033587629441171885,-0.0077292462810873985,-0.036550067365169525,-0.03958119824528694,0.000917754543479532,-0.014822185039520264,0.02799883298575878,-0.0009549488895572722,-0.04159601405262947,-0.02162054181098938,0.010631180368363857,-0.02029622718691826,-0.017231673002243042,-0.007697084918618202,0.0053030201233923435,-0.0036618427839130163,0.006543740164488554,-0.018308859318494797,-0.0038897469639778137,-0.020806480199098587,0.011984524317085743,-0.02800009213387966,0.009601372294127941,0.0375281423330307,0.00024022161960601807,-0.003082956885918975,-0.04716825485229492,-0.013694844208657742,0.009198141284286976,0.007665977813303471,0.006835050880908966,0.003926394507288933,0.017332738265395164,0.003582713892683387,-0.01199544407427311,0.0061348807066679,-0.027170784771442413,-0.001747327158227563,-0.029035789892077446
E01p1,-0.029608726501464844,-0.03604969009757042,-1.6471456289291382,0.007524354849010706,-0.004682017024606466,-0.011103177443146706,0.004552377387881279,-0.05843731015920639,-0.04529816284775734,-0.04610899090766907,0.0027256107423454523,-0.03097294084727764,0.03778011351823807,0.04848849028348923,-0.03624157980084419,-0.055806685239076614,-0.0947078987956047,-0.03418082371354103,0.0411151647567749,0.04524650424718857,-0.015154513530433178,-0.02185165323317051,0.007207786198705435,0.056457679718732834,-0.03372838348150253,-0.09057258069515228,-0.028788594529032707,-0.03649887442588806,-0.05293220654129982,0.011226799339056015,-0.019597971811890602,-0.013726758770644665,-0.01981937326490879,-0.014978259801864624,-0.031104113906621933,0.00800875760614872,-0.02730502001941204,-0.026813317090272903,-0.03550364449620247,-0.007602362893521786,-0.03330308943986893,-0.02874012663960457,0.0008670295355841517,-0.01460343785583973,-0.035449717193841934
E01p2,-0.026736395433545113,-0.008196924813091755,-0.004824742674827576,0.0075837173499166965,-0.022984225302934647,-0.0026093388441950083,0.007626708131283522,-0.014952005818486214,0.00826511811465025,-0.013629007153213024,0.009819841012358665,-0.016714299097657204,0.0006459307041950524,-0.003943482879549265,-0.030193308368325233,-0.03500884026288986,-0.0236522126942873,-0.017107747495174408,0.012352473102509975,0.010063676163554192,0.022678496316075325,0.004371991381049156,-0.008155698888003826,0.011543129570782185,-0.010823315940797329,-0.03591033071279526,0.013428756967186928,-0.0058629619888961315,-0.05000552535057068,0.025154197588562965,-0.006395731586962938,-0.017492854967713356,-0.011025330051779747,0.00379360094666481,0.01563926413655281,0.01780022121965885,-0.006377626210451126,-0.005353869870305061,-0.006993917282670736,0.003104801755398512,-0.043771058320999146,-0.006765012163668871,0.0034192961174994707,-0.009369643405079842,-0.015132381580770016
E03p1,-0.0057360343635082245,-0.0027742653619498014,-0.0009117730660364032,-0.008021586574614048,-0.04436727613210678,-0.05046405270695686,-0.007319456432014704,-0.015910882502794266,-0.01845891773700714,-0.013691884465515614,0.0014413198223337531,-0.01919225975871086,0.05630287155508995,0.009181763045489788,-0.01744494028389454,-0.021229060366749763,-0.044096920639276505,-0.006708192639052868,-0.017645355314016342,0.04578757286071777,-0.00932283978909254,0.025535639375448227,0.08036065101623535,-0.13693389296531677,-0.028403013944625854,-0.1481943279504776,-0.033220432698726654,-0.050466638058423996,-0.06835761666297913,0.01027013175189495,-0.0009043781319633126,-0.007616846822202206,0.03884478658437729,-0.008438978344202042,0.011527973227202892,-0.010892489925026894,0.030134109780192375,-0.015393120236694813,0.018413148820400238,-0.004653228912502527,0.005748136434704065,0.016756419092416763,-0.005163860972970724,-0.009529302828013897,-0.011768201366066933
E03p2,0.015547629445791245,-0.009050015360116959,0.0011225173948332667,0.02131974883377552,-0.0198807530105114,-0.019124066457152367,-0.005864959675818682,-0.05575059354305267,-0.009886420331895351,-0.018060091882944107,-0.011607740074396133,-0.02181491069495678,0.023229774087667465,-0.010881070978939533,-0.04580233618617058,0.031041892245411873,-0.012275796383619308,-0.03025718592107296,-0.03442078083753586,0.0057592978700995445,0.008506621234118938,0.0062688374891877174,0.013405317440629005,-0.05549094080924988,-0.021546419709920883,-0.020694375038146973,0.03142493590712547,-0.005779247730970383,-0.06361690908670425,0.03993109241127968,-0.01857146993279457,-0.010676294565200806,-0.04301212728023529,-0.024254782125353813,0.0009664386743679643,0.003940601833164692,0.01597829908132553,-0.009243101812899113,-0.004218687769025564,0.008062546141445637,-0.02514737844467163,0.019121943041682243,-0.010705900378525257,0.012293597683310509,0.00033429558970965445
E06p1,0.010826759040355682,0.022149134427309036,-0.0017804199596866965,0.014561650343239307,-0.03697970509529114,-0.045485321432352066,0.001302302349358797,-0.07744872570037842,0.03735174611210823,-0.033361442387104034,-0.0033027834724634886,-0.006094108335673809,0.04625721275806427,0.06420457363128662,-0.06938404589891434,-0.0635412260890007,0.004567590542137623,-0.051523465663194656,0.04808468371629715,-0.09087567776441574,-0.08023795485496521,0.018749568611383438,0.0337059386074543,-0.07433994114398956,-0.044854555279016495,0.026324648410081863,-0.005192629527300596,-0.020450973883271217,-0.11957687884569168,0.04130689427256584,0.006702054291963577,0.02022649720311165,-0.030353287234902382,0.02360013872385025,6.368942558765411e-05,-0.041853033006191254,-0.03960926830768585,-0.002020233077928424,0.004684800747781992,-0.007900000549852848,-0.10787259042263031,0.08640433102846146,0.006296318955719471,0.008428490720689297,0.001103665097616613
E06p2,-0.004731116816401482,-0.01866462267935276,-0.005175901111215353,0.011101503856480122,-0.028258351609110832,-0.00036593538243323565,0.0012387159513309598,-0.08888185024261475,0.00460754195228219,-0.05441857501864433,-0.016197802498936653,-0.011073270812630653,0.05024721473455429,0.020167645066976547,-0.08266184478998184,0.00022348265338223428,-0.015509624034166336,-0.03126467764377594,-0.04760091006755829,-0.0005103114526718855,0.01586618646979332,-0.008440390229225159,-0.021541723981499672,-0.013768782839179039,-0.022584257647395134,-0.04377227649092674,0.037159666419029236,0.012285616248846054,-0.05238707363605499,0.006945716217160225,0.01914333365857601,0.0019947488326579332,-0.025200046598911285,-0.013735267333686352,0.0099396463483572,0.00237025017850101,0.013543050736188889,-0.01768597401678562,-0.025107474997639656,0.004534582141786814,-0.07754906266927719,0.012192752212285995,-0.006150621455162764,0.0006834362866356969,-0.01211665477603674
E06p3,0.007857845164835453,-0.002756540896371007,-0.003711546305567026,0.021956006065011024,-0.034701429307460785,0.003737312974408269,-0.0030786755960434675,-0.029113532975316048,-0.030263051390647888,-0.03096028044819832,-0.001258020638488233,0.012747841887176037,0.01405122596770525,0.05589629337191582,-0.06724556535482407,-0.012839865870773792,-0.005500874947756529,-0.03067982755601406,-0.04499583691358566,0.023326989263296127,0.02469075471162796,-0.002731465734541416,0.027172328904271126,0.034125976264476776,-0.012627044692635536,-0.00625238474458456,0.04684240743517876,0.023414507508277893,-0.07215747982263565,0.03333057835698128,-0.008727005682885647,-0.00783226452767849,-0.03782545402646065,-0.00551348552107811,0.006892775185406208,-0.01426536776125431,0.014212473295629025,-0.013523205183446407,-0.03211764618754387,-0.002434068126603961,-0.10809183120727539,0.15670177340507507,0.0011306328233331442,0.004081218037754297,-0.020553547888994217
E07p1,0.0030230050906538963,-0.007245564833283424,-0.016114121302962303,0.028387611731886864,-0.027558565139770508,-1.4833009243011475,-0.029527457430958748,0.0021451557986438274,-0.14485104382038116,-0.029911527410149574,-0.03937671706080437,-0.020429702475667,0.004523602779954672,-1.0749058674264234e-05,0.013437990099191666,-0.19970615208148956,-0.2806515097618103,-0.0936640053987503,-0.10570214688777924,0.06727025657892227,-0.08378422260284424,-0.02986951358616352,-0.021694308146834373,0.04700332134962082,-0.0005565407336689532,-0.047357358038425446,-0.006658010184764862,-0.043025434017181396,0.007658368442207575,0.0062740943394601345,-0.029317103326320648,-0.013042197562754154,-0.029801925644278526,-0.012444306164979935,-0.03570327162742615,0.003351174294948578,-0.016622062772512436,-0.03813539445400238,-0.04537869617342949,0.004306415561586618,-0.13442155718803406,-0.09998371452093124,0.018719039857387543,-0.015642814338207245,-0.0023005306720733643
E08p1,-0.021692568436264992,-0.012407436035573483,-0.023093361407518387,0.0013122031232342124,0.00942143052816391,0.010129427537322044,-0.06723564863204956,-0.0442856065928936,-0.04827280715107918,-0.13746070861816406,-0.02603974938392639,-0.06947675347328186,-0.010465945117175579,0.04759366065263748,-0.051536351442337036,-0.042214080691337585,0.0536840595304966,-0.03450832515954971,0.0012800560798496008,-0.21719935536384583,0.0641370490193367,0.00287090172059834,-0.07181938737630844,-0.0459866039454937,-0.0005665437201969326,-0.01929018273949623,0.020249225199222565,-0.0010878322646021843,-0.04329000785946846,-0.03929027542471886,0.015483597293496132,0.02349665015935898,-0.09719786792993546,-0.012159650214016438,-0.012874233536422253,-0.4160129129886627,-0.017576616257429123,-0.02139393799006939,-0.05728970095515251,0.0023249725345522165,-0.004731765482574701,0.021816106513142586,0.019257180392742157,-0.01880524307489395,-0.014758248813450336
E08p2,-0.0028991096187382936,-0.02135291136801243,0.0030240279156714678,0.019081106409430504,-0.02304249070584774,0.022118769586086273,0.0008506682934239507,-0.08633466809988022,-0.018317312002182007,-0.0387713797390461,-0.02630806155502796,-0.03983338922262192,0.020556161180138588,-0.027433153241872787,-0.037907108664512634,-0.01486658863723278,-0.04307682812213898,-0.018801461905241013,-0.040687303990125656,0.016636425629258156,0.00974270049482584,-0.014152134768664837,-0.012780262157320976,-0.0023603513836860657,-0.03645209223031998,-0.013947526924312115,0.040303122252225876,0.0076074423268437386,-0.0018233010778203607,0.010132546536624432,-0.01211049035191536,-0.0010342836612835526,0.030849125236272812,0.01242102775722742,0.022226428613066673,0.002123901154845953,-0.005530761554837227,-0.012707237154245377,0.0013007055968046188,0.004601328633725643,-0.017390966415405273,-0.044208019971847534,0.0005458334344439209,-0.00486418092623353,-0.007700835820287466
E08p3,0.007843298837542534,0.005139948800206184,-0.0055950782261788845,0.03139081969857216,-0.016172943636775017,0.03650335595011711,0.004173963330686092,-0.08220821619033813,-0.016857657581567764,-0.02865741215646267,-0.0196117851883173,-0.04399808496236801,0.03653418645262718,0.028010858222842216,-0.041054051369428635,-0.011933551169931889,0.0007674870430491865,0.0010513641173020005,-0.07862475514411926,0.021636372432112694,-0.0047598909586668015,-0.017695877701044083,0.0018005035817623138,-0.03397107496857643,-0.04020749032497406,-0.012656016275286674,0.020914699882268906,0.03190036490559578,0.01262486819177866,0.026958027854561806,0.008640259504318237,0.0071127694100141525,0.0023477086797356606,0.014343738555908203,0.022477593272924423,0.007803802378475666,-0.004158537369221449,-0.021856259554624557,-0.016930529847741127,-0.010892242193222046,0.01936516724526882,-0.4445555508136749,-0.021508505567908287,0.0022853314876556396,-0.003784026950597763
E09p0,-0.005488112103193998,-0.02293090894818306,0.0008025448769330978,0.0341297872364521,-0.0049797045066952705,0.01497344858944416,-0.5010088682174683,-0.05210458114743233,-0.01492506917566061,-0.0180012509226799,-0.010867303237318993,-0.01653975062072277,0.02194683812558651,0.018552886322140694,-0.06027679145336151,-0.01620321534574032,-0.015150654129683971,0.00040389434434473515,-0.035987429320812225,-0.030808361247181892,-0.016623685136437416,-0.009576915763318539,-0.0042167892679572105,-0.02384335733950138,0.01920168474316597,-0.029843181371688843,0.03496473655104637,-0.0050117080099880695,0.03413335978984833,0.02321690134704113,0.003037167713046074,0.0029264152981340885,-0.055777695029973984,0.01668662019073963,0.00912774819880724,0.002320066327229142,-0.01755683310329914,0.00528800580650568,-0.006779467221349478,0.0026251301169395447,0.00429977010935545,-0.007421454414725304,-0.013863836415112019,-0.018120266497135162,-0.024922389537096024
E09p1,0.0035344818606972694,-0.00700001697987318,-0.011327830143272877,0.021636120975017548,-0.018997374922037125,0.016897520050406456,-0.04075990989804268,-0.10053226351737976,-0.010510322637856007,-0.01908736489713192,-0.0185080636292696,-0.013409232720732689,0.023384515196084976,0.07937686890363693,-0.09864094853401184,-0.00831963587552309,-0.028758715838193893,0.0009204100933857262,-0.012903341092169285,0.010574753396213055,0.002264767186716199,-0.002421664772555232,-0.03237239643931389,0.00911533460021019,-0.011247732676565647,0.013067424297332764,0.008036348968744278,-0.021764494478702545,-0.008320963941514492,0.03353586047887802,-0.016029197722673416,0.0011468937154859304,-0.012670576572418213,0.0030096794944256544,0.015306472778320312,0.011000268161296844,0.021355628967285156,-0.006438651587814093,0.008076228201389313,-0.004739318508654833,0.019688062369823456,0.040735434740781784,-0.0186923835426569,-0.0024534801486879587,-0.011456197127699852
E10p1,-0.010156044736504555,-0.02371499128639698,-0.05012113228440285,0.012077591381967068,-0.018364815041422844,0.01264925580471754,-0.00982210598886013,-0.7644383907318115,-0.04447628930211067,0.007810619659721851,-0.10595675557851791,-0.0720403715968132,-0.005037725903093815,0.005604351405054331,0.05067812651395798,-0.03964560106396675,-0.06888943165540695,-0.0014189023058861494,-0.0966770276427269,-0.04771875590085983,-0.07888143509626389,0.018063440918922424,-0.018418600782752037,-0.036757633090019226,-0.036095160990953445,-0.08305799961090088,0.025912171229720116,-0.028816798701882362,0.04899664223194122,0.0046912687830626965,0.0004943087697029114,-0.02161460742354393,0.06371959298849106,0.011470544151961803,-0.02265443280339241,0.016065921634435654,-0.0270193200558424,-0.013217958621680737,-0.028854379430413246,-0.007582404650747776,-0.06584831327199936,0.0012050085933879018,-0.00017382977239321917,-0.013559425249695778,-0.021760176867246628
E10p2,-0.014307142235338688,-0.024029023945331573,-0.014650103636085987,0.01484693307429552,-0.007907278835773468,0.019125282764434814,-0.009667151607573032,0.019539210945367813,-0.06203513219952583,0.0441967211663723,-0.0041191852651536465,-0.017002355307340622,0.026577256619930267,0.05378267541527748,-0.032421231269836426,-0.03722069039940834,0.0036474724765866995,-0.022320721298456192,-0.012787330895662308,0.06992655992507935,-0.024680545553565025,-0.012443996965885162,0.006350669544190168,0.027505189180374146,-0.011153987608850002,0.0018192797433584929,0.0151652367785573,-0.016159173101186752,-0.041483405977487564,0.014063742011785507,-0.041889891028404236,0.027007726952433586,-0.09315579384565353,-0.0030009883921593428,-0.0201399102807045,-0.015690436586737633,-0.03987375646829605,-0.033316757529973984,-0.02859165519475937,0.003017120063304901,0.036364197731018066,-0.05659469589591026,0.0056528919376432896,-0.008538398891687393,-0.008684354834258556
E10p3,-0.018073590472340584,-0.036173392087221146,-0.00922208558768034,0.008534956723451614,-0.018129529431462288,0.02555874176323414,-0.015064539387822151,0.09900401532649994,-0.04453936219215393,0.02020600438117981,-0.10326918214559555,-0.02181383967399597,0.03971464931964874,-0.047793835401535034,-0.6620574593544006,0.0030180304311215878,-0.004409102723002434,-0.05611886829137802,0.02277263067662716,-0.013728765770792961,-0.002214138163253665,-0.018363121896982193,-0.01270491722971201,0.014880353584885597,-0.03222249448299408,-0.023825382813811302,0.020384442061185837,-0.027245543897151947,-0.04182085394859314,-0.050270989537239075,-0.030858516693115234,0.037787459790706635,-0.06148957461118698,-0.004245282616466284,-0.018375689163804054,-0.012228112667798996,-0.07224550098180771,-0.030478043481707573,-0.03213711827993393,-0.02230909839272499,0.13760098814964294,0.0520591102540493,-0.013325672596693039,-0.02273339033126831,0.013667168095707893
E10p4,-0.014643353410065174,-0.032138578593730927,-0.0022095334716141224,0.026303807273507118,-0.02945910021662712,0.021947070956230164,-0.008288570679724216,-0.04205974191427231,0.016193216666579247,-0.0034428597427904606,-0.0056537119671702385,-0.021005067974328995,-0.014199910685420036,0.12464983761310577,-0.04868036136031151,-0.052277494221925735,0.007943238131701946,-0.019325975328683853,-0.02628449909389019,0.004309025127440691,0.02425502985715866,-0.005547890439629555,-0.02491803839802742,0.0010788500076159835,0.001284481375478208,-0.01211374532431364,0.037443552166223526,0.008311205543577671,0.004346650093793869,0.026081833988428116,-0.008419860154390335,0.024744970723986626,0.030525406822562218,-0.0022906260564923286,0.019837111234664917,0.0198527779430151,-0.006521229166537523,-0.003636486129835248,-0.011245344765484333,-0.003974459134042263,-0.027628233656287193,0.034440163522958755,-0.004698483273386955,-0.002816761378198862,-0.02073844149708748
