source,C00,C01,C02,C03,C04,C05,C06,C07,C08,C09,C10,C11,C12,C13,C14,C15,C16,C17,C18,C19,C20,C21,C22,C23,C24,C25,C26,C27,C28,C29,C30,C31,C32,C33,C34,C35,C36,C37,C38,C39,C40,C41,C42,C43,C44
S00,0.0041856658644974,0.0203331802040338,0.1284611076116562,0.0066080405376851,0.0034282086417078,0.0179526004940271,0.0209102258086204,0.0357581824064254,0.0088032763451337,0.0317947790026664,0.0155836148187518,0.0084763010963797,0.0206003189086914,0.0251735746860504,0.0169353019446134,0.4281599521636963,0.0555350519716739,0.0868348777294159,0.1117004081606864,0.1784349530935287,0.0899424105882644,0.0749137848615646,0.0512161664664745,0.0293166916817426,0.0591880120337009,0.0302057098597288,0.0119384145364165,0.0403047427535057,0.0280460007488727,0.0173505954444408,0.0162072051316499,0.00689109088853,0.0176920611411333,0.0551105812191963,0.0102064739912748,0.0400610975921154,0.0187487639486789,0.027613490819931,0.0094197737053036,0.005709889344871,0.0118476934731006,0.0052153393626213,0.0055524329654872,0.0047588199377059,0.004460962023586
S01,0.0009775903308764,0.0189884975552558,0.0072310687974095,0.0021585179492831,0.0018496722914278,0.002098279306665,0.0016783796017989,0.0010763993486762,0.0035759515594691,0.0018725942354649,0.0012427516048774,0.0016720833955332,0.0071857785806059,0.0043165725655853,0.0013318796409294,0.0119138341397047,0.0102295419201254,0.0388390943408012,0.0138777010142803,0.0051887603476643,0.0067459247075021,0.003585674567148,0.0039683207869529,0.0041681020520627,0.0087394211441278,0.0030829107854515,0.0016970803262665,0.0013241129927337,0.0065755425021052,0.009993901476264,0.0128810750320553,0.0013419999741017,0.0028745790477842,0.0020946348085999,0.0026409111451357,0.0034841655287891,0.0080327149480581,0.0054548955522477,0.0065931938588619,0.00109177979175,0.0038005148526281,0.000966016203165,0.0011571630602702,0.003983967937529,0.0013215645449236
S02,0.0049682739190757,0.0038242756854742,0.0053817317821085,0.0050876210443675,0.002690227003768,0.006931509822607,0.0045754271559417,0.0116574103012681,0.0015392272034659,0.0097719701007008,0.0041813789866864,0.0040883193723857,0.0078779933974146,0.0075467061251401,0.0065469653345644,0.0123504037037491,0.0183328669518232,0.0122223896905779,0.0210305210202932,0.012619593180716,0.0216195434331893,0.0290480963885784,0.0078345593065023,0.0094140926375985,0.0105225723236799,0.0082351379096508,0.0042762062512338,0.0018544321646913,0.0133711621165275,0.0078425202518701,0.0036793595645576,0.0042809071019291,0.0064139873720705,0.0044419942423701,0.0078794918954372,0.0041866903193295,0.0041679861024022,0.0151356374844908,0.0049214013852179,0.0027683738153427,0.0061445455066859,0.0030314323958009,0.0047919661737978,0.0060150222852826,0.0032748174853622
S03,0.0608086697757244,0.011295017786324,0.0188108310103416,0.0056939381174743,0.0034297865349799,0.0049981926567852,0.0049117915332317,0.0106709226965904,0.0022621846292167,0.121518462896347,0.0144939646124839,0.0031548971310257,0.0079503646120429,0.0055139292962849,0.0032442295923829,0.0087989773601293,0.0084839398041367,0.0135411396622657,0.0068772048689424,0.0058406018652021,0.0054858257062733,0.0042404690757393,0.0049410481005907,0.0058182938955724,0.0130604598671197,0.0035331875551491,0.0016849073581397,0.0021242662332952,0.0031769189517945,0.0037258076481521,0.0022547235712409,0.0028565321117639,0.0062129558064043,0.0029372349381446,0.0015333592891693,0.0077848588116467,0.0022216541692614,0.0031174914911389,0.0035616443492472,0.0021733124740421,0.0050024599768221,0.0013030666159465,0.003091488033533,0.0565887689590454,0.0039666760712862
S04,0.0004940077778883,0.0011747364187613,0.003411067649722,0.0025246166624128,0.0007526713889092,0.0022756259422749,0.0008889682940207,0.0019769412465393,0.0027258791960775,0.0018720354419201,0.001111642923206,0.0014118627877905,0.0063237878493964,0.0017080709803849,0.0016081981593742,0.004795896820724,0.0031056751031428,0.006872724276036,0.0041606347076594,0.0037267687730491,0.0027671572752296,0.0015513919061049,0.0028975210152566,0.0067159151658415,0.0045345858670771,0.0031192312017083,0.0014609936624765,0.0015187173848971,0.0077472957782447,0.0139776114374399,0.002793455729261,0.0012434897944331,0.0027158395387232,0.0018322204705327,0.0024457133840769,0.0014608837664127,0.0020099377725273,0.0040746773593127,0.0019172963220626,0.0007232052157633,0.0019568817224353,0.0013083983212709,0.00079444097355,0.0017426129197701,0.001268366118893
S05,0.002062531420961,0.0097155347466468,0.013899004086852,0.0081807188689708,0.0027241550851613,0.0020239907316863,0.0020120572298765,0.0019602512475103,0.0039614746347069,0.0029651822987943,0.001980998320505,0.0051758619956672,0.0070122615434229,0.003429249394685,0.0025310814380645,0.0811597555875778,0.0202159695327281,0.0322997719049453,0.0178251340985298,0.0092630954459309,0.0111298840492963,0.0019011836266145,0.0140777993947267,0.0033378563821315,0.0107887228950858,0.0042009763419628,0.0015186845557764,0.0052196169272065,0.0076310681179165,0.0110536329448223,0.0102392137050628,0.0017121592536568,0.0036503649316728,0.0020552999339997,0.0026452324818819,0.0074267913587391,0.0059224930591881,0.0116509413346648,0.0066417581401765,0.0010589698795229,0.0032086658757179,0.0007982953102327,0.0015017269179224,0.0015913525130599,0.0013138868380337
S06,0.0007936123874969,0.0007075752946548,0.0022340733557939,0.0032375524751842,0.0006839948473498,0.0026156208477914,0.0013598772929981,0.0018657241016626,0.0023661688901484,0.0020275933202356,0.002237491775304,0.0012473613023757,0.0106491148471832,0.0028098013717681,0.0015057291602715,0.0073746917769312,0.0107584744691848,0.0178419314324855,0.0130392275750637,0.0090500907972455,0.0034876333083957,0.001604649121873,0.00784173887223,0.0228182263672351,1.2737139463424685,0.105638138949871,0.0027524076867848,0.003204898443073,0.0328629240393638,0.0453090779483318,0.0132152969017624,0.0053520649671554,0.0073910001665353,0.0038202288560569,0.0049841185100376,0.0041721775196492,0.0039112274535,0.0623337440192699,0.0080299768596887,0.001023682532832,0.0039737639017403,0.0013563012471422,0.0021893139928579,0.0022690852638334,0.0017374390736222
S07,0.0012400411069393,0.0007767295464873,0.0023306014481931,0.0047985636629164,0.0019776565022766,0.0035108148586004,0.001565835555084,0.001095125102438,0.0029903594404459,0.0026253096293658,0.0008933949284255,0.0036519633140414,0.1532713770866394,0.0046720965765416,0.0011702985502779,0.0103127667680382,0.0086552314460277,0.0109473094344139,0.0106802592054009,0.0091581782326102,0.0047919009812176,0.0024499678984284,0.0419358611106872,0.0796036198735237,2.6388373374938965,0.0978187024593353,0.0074681905098259,0.0089015234261751,0.1768483519554138,1.0658949613571167,0.0301267001777887,0.0055417055264115,0.0329600870609283,0.0076819900423288,0.0039605381898581,0.0025964218657463,0.0072697326540946,0.304709643125534,0.0206787195056676,0.0018016514368355,0.0054425117559731,0.0042735701426863,0.002501109149307,0.0039735077880322,0.0029299929738044
S08,0.0013618379598483,0.0013576089404523,0.0026485081762075,0.0020370748825371,0.0014554931549355,0.0030256111640483,0.0010452818823978,0.0006695978809148,0.0045978804118931,0.0021125713828951,0.0011128927581012,0.0017217224230989,0.0093830879777669,0.00325399171561,0.0013482780195772,0.0074687311425805,0.006525024306029,0.00560685666278,0.0066706682555377,0.0081587750464677,0.0034778956323862,0.0020519404206424,0.0062853684648871,0.0043789418414235,0.1240429729223251,0.0091567579656839,0.0009142382186837,0.0033083169255405,0.0202268362045288,0.0837768763303756,0.0046276617795228,0.0024500135332345,0.0035941561218351,0.0027414809446781,0.0025665119756013,0.0025579242501407,0.0034602324012666,0.0394200906157493,0.0025347706396132,0.0008294229046441,0.003445005742833,0.0034045542124658,0.002138583920896,0.0030794499907642,0.0017899734666571
S09,0.0029079723171889,0.0029146249871701,0.0066078314557671,0.0041008940897881,0.0015418282710015,0.0063500539399683,0.0016404027119278,0.0040023713372647,0.0032591368071734,0.005078955553472,0.002700668759644,0.0024192060809582,0.0136901168152689,0.0094697969034314,0.0024079449940472,0.0167571529746055,0.0287558510899543,0.0154316602274775,0.0379953309893608,0.0114918630570173,0.0106115955859422,0.0029461763333529,0.0206835623830556,0.017204787582159,0.0090260710567235,0.0241268649697303,0.0025493870489299,0.0065840957686305,0.0078003732487559,0.0113880280405282,0.0049676257185637,0.0053136744536459,0.0081414943560957,0.0056930086575448,0.0143612390384078,0.003994904924184,0.0107296388596296,0.0111356088891625,0.0076659275218844,0.0029986687004566,0.003908772021532,0.002680538687855,0.0032707827631384,0.0055033699609339,0.0031581874936819
T00,0.001138177816756,0.0026633129455149,0.0037714741192758,0.0014286906225606,0.0015971234533935,0.0012732539325952,0.0016051005804911,0.0027714618481695,0.0017985720187425,0.0019824202172458,0.0012143111089244,0.0018784826388582,0.0097171254456043,0.0050899507477879,0.0018022212898358,0.0032737110741436,0.0048088175244629,0.0072432714514434,0.0053583686240017,0.0047634737566113,0.0070249186828732,0.0696660205721855,0.0037221745587885,0.0077133504673838,0.0035122928675264,0.0033614330459386,0.0014822852099314,0.0009654853492975,0.0075360350310802,0.0093361530452966,0.0026304284110665,0.0014498733216896,0.003965628799051,0.009598908945918,0.0052627422846853,0.0019520913483574,0.0020427254494279,0.0044688326306641,0.0020290270913392,0.0021790233440697,0.003430166048929,0.0013172717299312,0.0044936812482774,0.0031921004410833,0.0015892945230007
T01,0.0036584332119673,0.0016694568330422,0.002533652819693,0.0026345164515078,0.0013454152503982,0.0034041050821542,0.0012164956424385,0.0009553148411214,0.0012208502739667,0.0022825680207461,0.0020440393127501,0.0020639719441533,0.0083066960796713,0.0020873632747679,0.0009079563897103,0.0069700763560831,0.0045092497020959,0.006464326288551,0.0053086881525814,0.0047515267506241,0.0052441512234508,0.0069986837916076,0.0062056118622422,0.0026671446394175,0.0030792327597737,0.0089037790894508,0.0010228650644421,0.0022386100608855,0.0031662504188716,0.0044605443254113,0.0023483203258365,0.0025147760752588,0.0037520185578614,0.0024199022445827,0.0026890765875577,0.0026653138920664,0.0016792899696156,0.0027138339355587,0.0019253250211477,0.0008264444768428,0.0027225811500102,0.0016849507810547,0.0023336913436651,0.011932005174458,0.0023523513227701
T02,0.0018217704491689,0.0006730849854648,0.0025958861224353,0.0014723560307174,0.0012510620290413,0.0027371130418032,0.0015812285710126,0.0010820857714861,0.0033425453584641,0.0016531522851437,0.0011595183750614,0.0019825594499707,0.0040829018689692,0.0025099182967096,0.0010012089041993,0.0073170289397239,0.0048292865976691,0.0038116166833788,0.0050636078231036,0.005697960499674,0.0036232322454452,0.0036568767391145,0.0044496851041913,0.0022862844634801,0.0023377207107841,0.0057565658353269,0.001344031188637,0.0026832176372408,0.0033356854692101,0.0024873421061784,0.0025099839549511,0.0028087480459362,0.0026186404284089,0.0073536802083253,0.0022515512537211,0.0026144797448068,0.0020613642409443,0.0029532893095165,0.0014680922031402,0.0010262737050652,0.0027872354257851,0.0015408447943627,0.0107882749289274,0.0018612300045788,0.0016415040008723
T03,0.0014449822483584,0.0009706096025183,0.0031115324236452,0.0011127156903967,0.0027450751513242,0.0008933281642384,0.0015989812090992,0.0014889560407027,0.0016703217988833,0.0021093550603836,0.0011696356814354,0.0013864308129996,0.0127666601911187,0.0020351985003799,0.0012449522037059,0.0043245274573564,0.0062238378450274,0.0068863336928188,0.0034813983365893,0.0043395832180976,0.0038572491612285,0.0025898925960063,0.0079963309690356,0.0031685158610343,0.001980100525543,0.0022095728199929,0.0012361721601337,0.0026362841017544,0.0030758613720536,0.0037222739774733,0.0036196012515574,0.0017969897016882,0.002177957445383,0.0023671600501984,0.0013099169591441,0.0038668187335133,0.0021194969303905,0.0023758735042065,0.0014602278824895,0.0007329495856538,0.0032837903127074,0.0012550281826406,0.0014488943852484,0.0020556771196424,0.001028160448186
T04,0.0020405780524015,0.0017674627015367,0.0132336243987083,0.0073468671180307,0.0033649082761257,0.0026337432209402,0.0023743936326354,0.0023116602096706,0.0054251933470368,0.0073283640667796,0.0032392602879554,0.0053092124871909,0.0137259857729077,0.0128468628972768,0.0060896431095898,0.011146692559123,0.0145197957754135,0.0105547988787293,0.0193393938243389,0.0193427000194787,0.013894903473556,0.5263071060180664,0.0611431114375591,0.0188046097755432,0.0097508933395147,0.0093146013095974,0.0064712204039096,0.0049520675092935,0.0135007388889789,0.0322590097784996,0.0056940861977636,0.0108614219352602,0.0274175778031349,0.1286598294973373,0.0410279147326946,0.006305580958724,0.0058758333325386,0.0112867783755064,0.0051390966400504,0.0293380301445722,0.0150626674294471,0.002563604619354,0.051503986120224,0.0305730290710926,0.0119906049221754
T05,0.0033557203132659,0.0022209959570318,0.0086030298843979,0.0201803892850875,0.0192619077861309,0.0072459019720554,0.0038842540234327,0.0021606404334306,0.004915171302855,0.0083406688645482,0.0041594542562961,0.0185648184269666,0.0419451370835304,0.0095122056081891,0.0060865166597068,0.0175614953041076,0.0443600378930568,0.0149196116253733,0.0663146153092384,0.0199157521128654,0.0211949311196804,3.9827489852905273,1.355239748954773,0.2420696318149566,0.0962438434362411,0.1150728389620781,0.0603040419518947,0.0658319368958473,0.1126463785767555,0.1081385016441345,0.0222878456115722,0.0861924812197685,0.0738943740725517,1.3037813901901243,0.2618306577205658,0.0373317748308181,0.0610284209251403,0.040767066180706,0.0193311404436826,0.0761350989341735,0.0705351680517196,0.0158410463482141,0.1261849552392959,0.085431195795536,0.0378951616585254
T06,0.000791739556007,0.0012612945865839,0.0019654070492833,0.0010770234512165,0.0007888535619713,0.0010399355087429,0.0006621619686484,0.0018552055116742,0.0006751204491592,0.0016084125963971,0.0008068450842984,0.0011395142646506,0.0047021331265568,0.0041452678851783,0.0012966343201696,0.0031513769645243,0.0027484586462378,0.0057556689716875,0.0030087851919233,0.0020536195952445,0.0022311985958367,0.0020854321774095,0.0027780320961028,0.0030399358365684,0.0014772538561373,0.0017127875471487,0.0014813182642683,0.0008846998680382,0.0035009023267775,0.0044154524803161,0.0019040788756683,0.0013283686712384,0.0015295286430045,0.0027794877532869,0.0013624386629089,0.0013104275567457,0.0017431218875572,0.0015177265740931,0.0013492248253896,0.0006296489154919,0.0022557666525244,0.0008664599736221,0.0009691454470157,0.0019135766196995,0.0012726379791274
T07,0.0016431506955996,0.0043740039691329,0.0033057709224522,0.0053591430187225,0.0017850003205239,0.0044854753650724,0.0015423611039295,0.0020749641116708,0.0024790726602077,0.0042180325835943,0.0011291879927739,0.0039660953916609,0.0080758668482303,0.0029149947222322,0.0015596590237691,0.0087475217878818,0.004179801326245,0.0065445080399513,0.0083512524142861,0.0056564011611044,0.0033802893012762,0.0023979470133781,0.007926357910037,0.0133607825264334,0.0060758269391953,0.0043538967147469,0.003686282550916,0.0021231982391327,0.008802443742752,0.006319863256067,0.0039737089537084,0.0025825414340943,0.0042223520576953,0.0052461219020187,0.0052333115600049,0.0020092029590159,0.0026839273050427,0.0050610331818461,0.0032527500297874,0.0018529385561123,0.0047156680375337,0.0011629464570432,0.0058366730809211,0.0029591766651719,0.0034256214275956
T08,0.0009707495919428,0.001005147001706,0.0008648829534649,0.001584562822245,0.0013885932276025,0.0020266324281692,0.0009489026269875,0.000535047147423,0.0010672231437638,0.0020032441243529,0.0006770612671971,0.0018336127977818,0.0034637134522199,0.0028479387983679,0.0012388677569106,0.0041943462565541,0.0054316180758178,0.0078898230567574,0.0037220739759504,0.003801244078204,0.0041035925969481,0.0009519270970486,0.0030155961867421,0.0014290558174252,0.0023405784741044,0.0021393804345279,0.0016857100417837,0.0012836136156693,0.001417932100594,0.0018000419950112,0.0019589830189943,0.001854020403698,0.0018486214103177,0.0013519756030291,0.0015656672185286,0.0021036865655332,0.0013539067003875,0.0011581404833123,0.0013001466868445,0.000721818418242,0.0022678326349705,0.0010812358232215,0.0009071029489859,0.0018365529831498,0.0009604606893844
T09,0.0012492884416133,0.001877782982774,0.0015696820337325,0.0032280522864311,0.0030141484457999,0.003196898382157,0.0014895005151629,0.0004120208323001,0.0026808795519173,0.0023880368098616,0.0013652815250679,0.0023302384652197,0.0036052733194082,0.0031140341889113,0.0019998250063508,0.0063028428703546,0.0060255350545048,0.0057803448289632,0.0080058826133608,0.0080469297245144,0.0040831482037901,0.0013959128409624,0.0156480707228183,0.01285239495337,0.0052616521716117,0.00832215603441,0.0023894163314253,0.0018803748534992,0.0058912225067615,0.0074371984228491,0.0024690399877727,0.0035117692314088,0.0038510670419782,0.0031511655542999,0.0046616154722869,0.0034352748189121,0.0019652526825666,0.0034952806308865,0.0029178087133914,0.0019893290009349,0.0035503355320543,0.0009096426656469,0.0029360654298216,0.0021670088171958,0.0019348904024809
T10,0.0005722452769987,0.0007084690150804,0.0009565250948071,0.0003668847202789,0.0008470306056551,0.0008628596551716,0.0014556339010596,0.002179880393669,0.0009484166512265,0.0011178302811458,0.0015457206172868,0.0005848032888025,0.0011154424864798,0.0014118528924882,0.0011054304195567,0.0017167426412925,0.001600217539817,0.0025703448336571,0.0019116591429337,0.0025608839932829,0.0011695474386215,0.0004721945151686,0.000975155388005,0.0015750906895846,0.0012426017783582,0.001311506726779,0.0017523173009976,0.0010857537854462,0.0007619220996275,0.0017696423456072,0.0010155659401789,0.001088578836061,0.0013343250611796,0.0009903335012495,0.0008602853049524,0.0009745964780449,0.0015649941051378,0.0013695674715563,0.0009368402534164,0.000639972044155,0.0022823282051831,0.0003291026805527,0.0010260186390951,0.0013434084830805,0.0007784886402077
U00,1.0259885787963867,0.1141166239976883,0.0896577835083007,0.0552437715232372,0.0704793259501457,0.0499792098999023,0.0467713735997676,0.0225328709930181,3.6989707946777344,0.0977964103221893,0.0657634362578392,0.1818451881408691,0.3339932560920715,0.2587403059005737,0.0782175436615943,0.0442325174808502,0.0398254804313182,0.0397946238517761,0.0637646839022636,0.0369040556252002,0.0499372743070125,0.0149743668735027,0.0454025194048881,0.0197722874581813,0.0466473288834095,0.0143947610631585,0.018498808145523,0.014093991369009,0.011687247082591,0.0119348829612135,0.0093609429895877,0.0532417595386505,0.0261295605450868,0.0073507651686668,0.0192301999777555,0.025443585589528,0.0082336468622088,0.0073951706290245,0.0113739753141999,0.0378576815128326,0.0308907777070999,0.0090688662603497,0.0838426128029823,1.9074114561080933,0.0590197816491127
E00,0.0098796859383583,3.298879384994507,0.5230804681777954,0.0605265758931636,0.0491669811308383,0.16428142786026,0.0379433520138263,0.0384390689432621,0.0132360411807894,0.036555889993906,0.0562866702675819,0.2028368860483169,0.167222797870636,0.0376530140638351,0.0559715405106544,0.0378387495875358,0.2016071677207946,0.0112594319507479,0.0310236271470785,0.0389251634478569,0.0165177397429943,0.007107064127922,0.0600420162081718,0.0581990405917167,0.0179584007710218,0.0667656362056732,0.0547545999288558,0.0326530262827873,0.0075376802124083,0.01419707108289,0.0148745970800518,0.0208207331597805,0.0257789436727762,0.0087914420291781,0.0086203329265117,0.0195611454546451,0.0148261487483978,0.0132927931845188,0.0081552965566515,0.0076409946195781,0.0377029776573181,0.0125834261998534,0.004771193023771,0.0049955765716731,0.0081074796617031
E01,0.0093949567526578,0.0243885722011327,3.632133245468139,0.1131961345672607,0.075258769094944,0.1883469223976135,0.1287653297185897,0.0146390590816736,0.0218596123158931,0.0960979387164115,0.0126668363809585,0.0552735067903995,0.082957312464714,0.0243444181978702,0.0167578943073749,0.0693415701389312,0.0885039716958999,0.0168827436864376,0.0275817569345235,0.0208152495324611,0.0090428376570343,0.0037132001016288,0.0316067934036254,0.0221298951655626,0.0096554066985845,0.015912914648652,0.0250676870346069,0.0160515122115612,0.0078260079026222,0.01457379758358,0.0052098794840276,0.0059730652719736,0.0209173057228326,0.0074633038602769,0.0066209882497787,0.0103286271914839,0.0090261800214648,0.0091088404878973,0.0046277721412479,0.0053152767941355,0.0418474078178405,0.0188361890614032,0.0090118190273642,0.0045658871531486,0.00369413360022
E02,0.0059997709468007,0.0090504260733723,0.0157013218849897,1.77285897731781,0.4522538781166076,0.0142196221277117,0.0075610121712088,0.031810462474823,0.0071947923861444,0.0060228258371353,0.0051570073701441,0.021173583343625,0.1132755801081657,0.0138003835454583,0.0094890194013714,0.0110404733568429,0.0180651545524597,0.0125709446147084,0.025144113227725,0.0276890005916357,0.0056727300398051,0.0039868960157036,0.0286360271275043,0.0232298951596021,0.0172118954360485,0.0647372007369995,0.0570375323295593,0.0154225546866655,0.0087861903011798,0.0532581284642219,0.0055383252911269,0.0096188383176922,0.0479455254971981,0.0105653600767254,0.0144146950915455,0.0031322611030191,0.0057893502525985,0.0108132297173142,0.0023521471302956,0.0075501129031181,0.0093369102105498,0.0081881266087293,0.0041301222518086,0.0032219751738011,0.0049833776429295
E03,0.0050631472840905,0.0079254638403654,0.0074214087799191,0.0397637598216533,1.2059181928634644,0.0244724005460739,0.0049991295672953,0.0118830781430006,0.0091726891696453,0.0061849211342632,0.0063427374698221,0.0117361806333065,0.0998527780175209,0.0176583733409643,0.009705189615488,0.0106104481965303,0.010395536199212,0.0085360128432512,0.0275701880455017,0.0248645339161157,0.0062963152304291,0.0033775696065276,0.1118764653801918,0.0337314419448375,0.0151459062471985,0.2307677268981933,0.47392138838768,0.0249016638845205,0.0121162645518779,0.0158304944634437,0.0065748766064643,0.0081348903477191,0.028665667399764,0.0055647240951657,0.0083997845649719,0.0044540055096149,0.0107478164136409,0.0057620899751782,0.0045509873889386,0.0115458220243453,0.0112137123942375,0.0057549099437892,0.0049342801794409,0.0036880034022033,0.0060460376553237
E04,0.0036515181418508,0.003141674445942,0.0157036297023296,0.046047318726778,0.9465762376785278,0.0140784438699483,0.0053241667337715,0.0092832669615745,0.0103537011891603,0.0067425835877656,0.0030612137634307,0.0071206297725439,0.014527547173202,0.0077666956931352,0.0047270250506699,0.0084025468677282,0.0133450319990515,0.0060856691561639,0.0194087270647287,0.0255418103188276,0.0049384548328816,0.0021415119990706,0.0121606048196554,0.0227517634630203,0.0132535751909017,0.0188486073166131,0.0218184292316436,0.0075642773881554,0.0091134253889322,0.0076396381482481,0.0046208780258893,0.0040163588710129,0.0064571257680654,0.0047180275432765,0.0067629818804562,0.0039410311728715,0.0039494237862527,0.0048009064048528,0.0024524827022105,0.0054893875494599,0.0140249440446496,0.0026669616345316,0.0046770325861871,0.0016896635061129,0.0033339485526084
E05,0.0034408883657306,0.0035480593796819,0.0120440684258937,0.0204659961163997,0.3942807018756866,0.0225898865610361,0.006387423723936,0.0024088909849524,0.0034792111255228,0.0056262705475091,0.0056427638046443,0.0047871298156678,0.0142275402322411,0.0088830357417464,0.0047258478589355,0.0082882940769195,0.0118781421333551,0.012245493941009,0.0120597667992115,0.0148007431998848,0.0069671459496021,0.0027863048017024,0.0128625873476266,0.0122714089229702,0.0082078585401177,0.0142850782722234,0.0466609485447406,0.0073388624005019,0.0062743546441197,0.0073451274074614,0.0043997731991112,0.0042011397890746,0.0086290230974555,0.0036439378745853,0.007727513089776,0.0026019632350653,0.0027617316227406,0.0039226370863616,0.0029881249647587,0.0021480431314557,0.0089093390852212,0.0028465637005865,0.0037586812395602,0.0012895730324089,0.0041841804049909
E06,0.0052317208610475,0.0347630158066749,0.0126671139150857,0.0087209483608603,0.0288854390382766,1.094115972518921,0.0602376908063888,0.00421669986099,0.0059094261378049,0.0345600880682468,0.0108333751559257,0.0200429074466228,0.0558718480169773,0.0154526252299547,0.0167204234749078,0.0282796192914247,0.0642143934965133,0.0296669173985719,0.0197424758225679,0.0362389609217643,0.0215396992862224,0.0024046823382377,0.0195501912385225,0.0130123505368828,0.0080307833850383,0.0115391220897436,0.0146853430196642,0.0100567825138568,0.0091955456882715,0.0060948920436203,0.0099210627377033,0.0072290925309062,0.0152464946731925,0.0073955366387963,0.0075980382971465,0.0285744853317737,0.0095888134092092,0.0076838629320263,0.0056432136334478,0.0051506231538951,0.0144365606829524,0.0180385429412126,0.0056696832180023,0.0055062877945601,0.0040505258366465
E07,0.0087008653208613,0.0106164030730724,0.0199585370719432,0.013224696740508,0.0183895379304885,1.333892822265625,0.1005839332938194,0.0159575995057821,0.0106179323047399,0.0422418937087059,0.0166228935122489,0.0071492441929876,0.0095519442111253,0.0132451010867953,0.0126730296760797,0.0521297305822372,0.1344761550426483,0.0370542705059051,0.0200592279434204,0.1258459389209747,0.0332657732069492,0.0036725157406181,0.0164695736020803,0.0267906729131937,0.0069567849859595,0.0231882203370332,0.0225706715136766,0.0209966506808996,0.0066113248467445,0.035608310252428,0.0165057647973299,0.0077874581329524,0.027990149334073,0.0101566854864358,0.0110481642186641,0.0402382053434848,0.0105123706161975,0.0126289930194616,0.0077399024739861,0.0066113946959376,0.0167421512305736,0.0117001626640558,0.0046064965426921,0.0022628756705671,0.0044964654371142
E08,0.0058355876244604,0.0185863692313432,0.0606135204434394,0.0131589705124497,0.0179967917501926,0.058193314820528,1.5811165571212769,0.0618357956409454,0.0159989930689334,0.18002550303936,0.0251366794109344,0.0198923572897911,0.0129926595836877,0.0268576964735984,0.0143794724717736,0.0335416421294212,0.1123224347829818,0.0210373420268297,0.0288630370050668,0.1417708098888397,0.0391953252255916,0.0090837627649307,0.0265016686171293,0.0215891860425472,0.0083730863407254,0.0221814885735511,0.0082811685279011,0.0106031186878681,0.0050576762296259,0.010113826021552,0.013622660189867,0.0062753586098551,0.0080294013023376,0.0056129521690309,0.0076508331112563,0.1068502962589263,0.0062438542954623,0.0101038115099072,0.0057175918482244,0.006694016046822,0.0142747787758708,0.0305013488978147,0.0061524040065705,0.0073925568722188,0.0048643699847161
E09,0.0039558303542435,0.0082284063100814,0.0117083024233579,0.0128628527745604,0.0099393827840685,0.0236470438539981,2.3360443115234375,0.053828377276659,0.0257543828338384,0.043141733855009,0.0152383251115679,0.0122723188251256,0.0246020536869764,0.0196155086159706,0.0167379546910524,0.0172042027115821,0.018700186163187,0.0122725209221243,0.0220493823289871,0.0251938644796609,0.0079324869439005,0.003552469657734,0.0136848138645291,0.0106340209022164,0.0093097630888223,0.0115926377475261,0.0082417605444788,0.0079083163291215,0.0040575601160526,0.0073380758985877,0.0121479146182537,0.0062140487134456,0.010158653371036,0.003960414789617,0.0115130944177508,0.00651425588876,0.0062226634472608,0.0055826110765337,0.0044865016825497,0.0044651394709944,0.0120955035090446,0.0030219801701605,0.0044636051170527,0.0028110423590987,0.0040505095385015
E10,0.0022240516263991,0.018861711025238,0.0494279377162456,0.005904312711209,0.0167970638722181,0.0289487428963184,0.4623022079467773,3.533655881881714,0.0821253284811973,0.0569707415997982,0.6151633262634277,0.0480165518820285,0.0967471823096275,0.137760505080223,2.1725966930389404,0.1544017940759658,0.0722865164279937,0.0242994353175163,0.3586095571517944,0.1067675650119781,0.0826718434691429,0.0133252926170825,0.0337560772895813,0.0292702708393335,0.0077059683389961,0.0342086404561996,0.0475120283663272,0.1134688332676887,0.0158820115029811,0.0228819213807582,0.0256482437252998,0.1930903196334839,0.0843048840761184,0.007851917296648,0.0133944926783442,0.0262235812842845,0.018452325835824,0.0169631112366914,0.018379284068942,0.0122767714783549,0.1002205610275268,0.0277680158615112,0.0251156296581029,0.0067739416845142,0.0368059948086738
C00,,2.71557354927063,0.4888538718223572,0.2511560320854187,0.1249749511480331,0.1582672297954559,0.1254483163356781,0.0537355169653892,0.9853991270065308,0.2077618539333343,0.0970531925559043,0.139225497841835,0.141019731760025,0.1379619240760803,0.1692903190851211,0.1764353811740875,0.1292299926280975,0.1556593924760818,0.228962555527687,0.1031381860375404,0.1687958091497421,0.0744152590632438,0.2066495418548584,0.1438070386648178,0.055104836821556,0.1562340259552002,0.0704776644706726,0.0547232776880264,0.0554414466023445,0.0711706206202507,0.0483162254095077,0.0601622760295867,0.0519246011972427,0.0372584648430347,0.0478637628257274,0.0427717715501785,0.0498799495398998,0.056542620062828,0.0331959724426269,0.016092449426651,0.042818084359169,0.0324318557977676,0.036320574581623,0.0229955893009901,0.0373963415622711
C01,,,2.728851556777954,0.0845632031559944,0.0840073302388191,0.0501770488917827,0.0260085836052894,0.0061406423337757,0.1051237359642982,0.0338673628866672,0.0116677852347493,0.0747304260730743,0.0330501124262809,0.0137913040816783,0.0088142566382884,0.0149148739874362,0.019113577902317,0.0077879000455141,0.0141800493001937,0.0085405614227056,0.0091903926804661,0.0029335292056202,0.0084437485784292,0.0080507118254899,0.003656115848571,0.0085731437429785,0.0046265618875622,0.0059352782554924,0.0029416065663099,0.0032454659231007,0.0021606495138257,0.0082376217469573,0.0041805189102888,0.0024851637426763,0.0022859086748212,0.0030826278962194,0.0034717668313533,0.0033096959814429,0.0024568492081016,0.0027296249754726,0.0086470171809196,0.0021803921554237,0.0024594604037702,0.0033906786702573,0.0048037935048341
C02,,,,2.272608995437622,0.3311423659324646,0.3982565104961395,0.0340656526386737,0.0161907989531755,0.0116007234901189,0.0212883427739143,0.0122656980529427,0.0155883925035595,0.0098530780524015,0.0121962968260049,0.0063552851788699,0.00802993029356,0.005765208043158,0.0044513749890029,0.0046607456170022,0.0110969264060258,0.0075547699816524,0.0028607062995433,0.0051165111362934,0.0061949393711984,0.0039846180006861,0.0069016083143651,0.0050752991810441,0.0031768195331096,0.0027087035123258,0.0026018368080258,0.002804446266964,0.0044490117579698,0.0061086313799023,0.0025558474007993,0.0019401302561163,0.0041652168147265,0.0028789662756025,0.0028722730930894,0.001037547015585,0.0013873851858079,0.0049643344245851,0.0018991181859746,0.0018373726634308,0.0041490769945085,0.0027083568274974
C03,,,,,1.641627550125122,0.0808278247714042,0.036112543195486,0.03706905990839,0.0080367727205157,0.0095872217789292,0.0085929380729794,0.011399732902646,0.0193936359137296,0.0075071952305734,0.0073926062323153,0.0145075926557183,0.006376982666552,0.0032665573526173,0.008324347436428,0.0118159195408225,0.0087387133389711,0.0016606509452685,0.0066724829375743,0.0075734839774668,0.0038807345554232,0.0203807819634675,0.0094850277528166,0.0032537714578211,0.0031580594368278,0.0020092879422008,0.0016945865936577,0.00392881128937,0.0052782576531171,0.0025532820727676,0.0015969605883583,0.0038705104961991,0.0024573092814534,0.0025676921941339,0.0014432480093091,0.0026812530122697,0.0070111365057528,0.0020316708832979,0.0017127076862379,0.0019550069700926,0.0021413047797977
C04,,,,,,0.7987428903579712,0.0338104628026485,0.2047892063856125,0.0065343715250492,0.0162537414580583,0.0077776410616934,0.0090623358264565,0.0307279583066701,0.0110684297978878,0.0063347350805997,0.0150333251804113,0.0071809371002018,0.0052177850157022,0.0106565710157155,0.0214763842523098,0.0077625326812267,0.0009570057154633,0.0145056042820215,0.0078876409679651,0.0057551776990294,0.0103069208562374,0.0335618369281291,0.0107408566400408,0.0091079175472259,0.0035029221326112,0.0026126413140445,0.0052242409437894,0.0204208567738533,0.0038993768393993,0.0025531908031553,0.0049955337308347,0.0040993890725076,0.0031078162137418,0.0018629857804626,0.0021633608266711,0.007437425199896,0.0020845506805926,0.0037339080590754,0.0027964967302978,0.007840028963983
C05,,,,,,,0.6536776423454285,0.0546768419444561,0.0049565462395548,0.0298625398427248,0.0142657551914453,0.0055862814188003,0.0092023815959692,0.0110301980748772,0.0066885356791317,0.0133096231147646,0.0069906334392726,0.0036165080964565,0.0124341733753681,0.0134757375344634,0.009412127546966,0.0027292207814753,0.0062031960114836,0.0034603327512741,0.0061010946519672,0.0084666647017002,0.0045096040703356,0.0041672624647617,0.003120394423604,0.0020057158544659,0.0075731500983238,0.0037574674934148,0.0024939505383372,0.0030355465132743,0.0021485497709363,0.0085739092901349,0.0023316310252994,0.0031440895982086,0.0022615068592131,0.0025682512205094,0.0085355397313833,0.0033453996293246,0.0023510393220931,0.0014667123323306,0.0029599084518849
C06,,,,,,,,1.934035897254944,0.0278992503881454,0.0564068332314491,0.0121596548706293,0.0061897006817162,0.0129600474610924,0.0126817673444747,0.0074028181843459,0.0077033704146742,0.0045768087729811,0.0045231156982481,0.011756245046854,0.0088800555095076,0.0072427741251885,0.0012394079240038,0.0064519620500504,0.0073006614111363,0.0038602179847657,0.0051335557363927,0.0035034392494708,0.0054310485720634,0.0034071763511747,0.0033156112767755,0.0041441028006374,0.0033749539870768,0.0071426662616431,0.0022439782042056,0.0022952973376959,0.0047912783920764,0.0031587844714522,0.0050727305933833,0.0024832871276885,0.0023757927119731,0.005649319384247,0.0033949750941246,0.0022944638039916,0.0017658225260674,0.0034399616997689
C07,,,,,,,,,0.1449097841978073,0.0224003475159406,0.0612012147903442,0.0109594017267227,0.012724888511002,0.0251154117286205,0.0295448824763298,0.0114722615107893,0.006741567980498,0.0037448692601174,0.0091772628948092,0.0146345272660255,0.0050474852323532,0.001833739108406,0.0049003842286765,0.0072089075110852,0.00633539352566,0.0056925187818706,0.0035733927506953,0.003896988928318,0.0025278958491981,0.0016772572416812,0.0039281831122934,0.0047102542594075,0.0047686034813523,0.0020892010070383,0.0023138753604143,0.0019879778847098,0.0036591957323253,0.0020607782062143,0.0014244191115722,0.0022128208074718,0.0055226092226803,0.0028741753194481,0.002526975935325,0.0031710159964859,0.0042088595218956
C08,,,,,,,,,,1.614535927772522,0.1255778819322586,0.0490046963095665,0.0707892924547195,0.2507765293121338,0.0308909900486469,0.0184343047440052,0.0161568503826856,0.0163470413535833,0.0335459411144256,0.0199113637208938,0.0095290411263704,0.0043547833338379,0.0088682509958744,0.0126250395551323,0.0037186820991337,0.0066941115073859,0.0076441946439445,0.0052255941554903,0.006098186597228,0.0033238262403756,0.0021529858931899,0.0161007493734359,0.01168829575181,0.003241476137191,0.0024821700062602,0.0033772201277315,0.0056067770346999,0.0026561780832707,0.0045623569749295,0.0042049661278724,0.0061219776980578,0.0032429846469312,0.0070460555143654,0.0032485546544194,0.0056778523139655
C09,,,,,,,,,,,1.1644471883773804,0.3823986351490021,0.1724016070365905,0.0906060934066772,0.0328779816627502,0.0350833684206008,0.0210296995937824,0.0058136451989412,0.0343099199235439,0.0127653945237398,0.010714647360146,0.0030429216567426,0.00858317874372,0.0107127493247389,0.0099459253251552,0.0087407985702157,0.0064272047020494,0.0034062929917126,0.0042920112609863,0.0053571835160255,0.0073641007766127,0.0086618810892105,0.0304264649748802,0.0054970043711364,0.0049127829261124,0.0071078371256589,0.0046919616870582,0.0034502944909036,0.0080600837245583,0.0024480919819325,0.0119717083871364,0.0040362030267715,0.0044555687345564,0.0036823365371674,0.0126232225447893
C10,,,,,,,,,,,,0.5383392572402954,0.2035662233829498,0.5655696392059326,0.269640564918518,0.0600373595952987,0.033757533878088,0.0141299841925501,0.0399455390870571,0.0264685358852148,0.0112005332484841,0.003335959976539,0.0093933064490556,0.0074892370030283,0.0065353577956557,0.0091063668951392,0.0074017196893692,0.0054850112646818,0.0057254992425441,0.0056059500202536,0.0105458321049809,0.0212549194693565,0.0272660795599222,0.003412147052586,0.0063629117794334,0.0059067788533866,0.0059087467379868,0.0056494595482945,0.0061176745221018,0.0049936566501855,0.0125551745295524,0.0027361433021724,0.0053951684385538,0.0040274285711348,0.0119007425382733
C11,,,,,,,,,,,,,0.516588032245636,0.0380098968744277,0.0088754650205373,0.011680050753057,0.0067781973630189,0.0066925059072673,0.0120440060272812,0.0104908421635627,0.0089053632691502,0.0032419385388493,0.0078643821179866,0.005203706678003,0.0027151831891387,0.0155459670349955,0.0054618990980088,0.0045388373546302,0.0032364483922719,0.0040065422654151,0.0043370476923882,0.0073914863169193,0.0109186228364706,0.0035301866009831,0.0016632504994049,0.0049539082683622,0.0032638246193528,0.0025245712604373,0.0023685113992542,0.0021076682023704,0.0042140940204262,0.0024084991309791,0.0019005129579454,0.0034010333474725,0.0057795369066298
C12,,,,,,,,,,,,,,0.151290163397789,0.0555597506463527,0.0222583282738924,0.0256042499095201,0.0088507691398262,0.0383176878094673,0.0228259861469268,0.0102885719388723,0.0015954740811139,0.0129863861948251,0.0191162060946226,0.0222481191158294,0.0471688993275165,0.0377913974225521,0.0089040091261267,0.0099432310089468,0.0042621972970664,0.0068706716410815,0.0059461486525833,0.019877852872014,0.0041640540584921,0.002445979276672,0.005671851336956,0.0088953748345375,0.0061858342960476,0.004357520956546,0.0028546382673084,0.0099056977778673,0.0017321668565273,0.0050263665616512,0.0022160683292895,0.0057439897209405
C13,,,,,,,,,,,,,,,3.1319420337677,0.0980316624045372,0.0518205910921096,0.0251145455986261,0.1506788879632949,0.0565561689436435,0.0292928759008646,0.0102737732231616,0.0212190747261047,0.014269508421421,0.0111111225560307,0.0130566796287894,0.0128361070528626,0.0068953949958086,0.0075201354920864,0.0035734921693801,0.0054395101033151,0.054944984614849,0.0405430942773819,0.00341248488985,0.0084138987585902,0.0067914393730461,0.0050157103687524,0.0056608594022691,0.0030550716910511,0.0081833582371473,0.026239713653922,0.0038431866560131,0.0189581736922264,0.006369309965521,0.0131411459296941
C14,,,,,,,,,,,,,,,,0.1776667833328247,0.0247750170528888,0.0219140592962503,0.0429676100611686,0.0539500266313552,0.0228655245155096,0.0043230201117694,0.0123525010421872,0.0052337097004055,0.0060336268506944,0.0208380781114101,0.0070554590784013,0.0171380601823329,0.0022826883941888,0.0038795147556811,0.004346209578216,0.0134866312146186,0.0211835838854312,0.0045009236782789,0.0018069519428536,0.0070416405797004,0.0072879535146057,0.0043727024458348,0.0020179010462015,0.0033600896131247,0.0084161944687366,0.0032390241976827,0.0031116246245801,0.00426916917786,0.0033321725204586
C15,,,,,,,,,,,,,,,,,1.100516438484192,0.5449451804161072,0.2895729541778564,0.3588285744190216,0.2657431662082672,0.0211997460573911,0.0421769879758358,0.0370019041001796,0.0481845140457153,0.0404847078025341,0.010538138449192,0.0367941074073314,0.0364578440785408,0.0143264550715684,0.0396861508488655,0.0224473178386688,0.0485441945493221,0.0174603722989559,0.0151729052886366,0.0605099201202392,0.0271933227777481,0.0089626554399728,0.0224251560866832,0.0075235026888549,0.0259338449686765,0.003621992887929,0.0086171515285968,0.003978731110692,0.0081637445837259
C16,,,,,,,,,,,,,,,,,,1.0703604221343994,0.4459613561630249,0.0378107540309429,0.0516404174268245,0.0044766259379684,0.0110439416021108,0.0133883794769644,0.0159434042870998,0.0156137971207499,0.0042349356226623,0.0076497551053762,0.0048103984445333,0.0055779898539185,0.013075727969408,0.0051909829489886,0.0046181855723261,0.0030242800712585,0.0016187475994229,0.0094464858993887,0.0071967830881476,0.0077151656150817,0.0181818269193172,0.0017381820362061,0.0086938077583909,0.0029985087458044,0.0025970675051212,0.002188422018662,0.0031593460589647
C17,,,,,,,,,,,,,,,,,,,0.7969797253608704,0.0607464201748371,0.1789568215608596,0.0144230034202337,0.009494106285274,0.0084108626469969,0.0156195173040032,0.0137143395841121,0.0035491622984409,0.0065469043329358,0.0046070152893662,0.0183414723724126,0.0127317067235708,0.0052987583912909,0.0069839539937675,0.0058717499487102,0.0035782495979219,0.0128740519285202,0.0091546922922134,0.009892419911921,0.0207908954471349,0.0012150043621659,0.0053121764212846,0.0019714997615665,0.0025430226232856,0.0030753116589039,0.0037874996196478
C18,,,,,,,,,,,,,,,,,,,,0.7751747965812683,0.1373321413993835,0.0163246970623731,0.0429078713059425,0.0206062644720077,0.0390154644846916,0.0261138305068016,0.0097804712131619,0.0060152877122163,0.0087115075439214,0.0047826529480516,0.0124849369749426,0.0342686474323272,0.0084711080417037,0.0136809032410383,0.0226415526121854,0.0191857833415269,0.0122774178162217,0.0047769779339432,0.005560781341046,0.0053281486034393,0.0269324015825986,0.0074091777205467,0.0156256668269634,0.0052993721328675,0.0120641952380537
C19,,,,,,,,,,,,,,,,,,,,,0.6492037177085876,0.1244700029492378,0.0250060521066188,0.0180880110710859,0.0141910817474126,0.0286854989826679,0.006684785708785,0.0484724752604961,0.0090457368642091,0.0110254008322954,0.0172373801469802,0.0131735205650329,0.0216478388756513,0.0096379723399877,0.011183600872755,0.0124271223321557,0.0098287491127848,0.0072067594155669,0.0074964417144656,0.0039656078442931,0.0207537412643432,0.003216769779101,0.0065244049765169,0.0037645224947482,0.0049571809358894
C20,,,,,,,,,,,,,,,,,,,,,,0.6937515735626221,0.0988684594631195,0.0528750754892826,0.0176206454634666,0.0181613191962242,0.0073145893402397,0.0130318505689501,0.0083321686834096,0.0076691852882504,0.0034202774986624,0.0085027841851115,0.0199826452881097,0.0124746030196547,0.0047074095346033,0.0094118872657418,0.0055015706457197,0.0100977085530757,0.0032902103848755,0.0027446476742625,0.0121447145938873,0.0025026565417647,0.0047172573395073,0.0023264021147042,0.0048902272246778
C21,,,,,,,,,,,,,,,,,,,,,,,0.7752864956855774,0.1973154693841934,0.0367708578705787,0.0455139055848121,0.0076264361850917,0.0346942543983459,0.0183101557195186,0.011890965513885,0.0065865786746144,0.0128993950784206,0.0162300877273082,0.0380735769867897,0.0252913925796747,0.0066187675110995,0.0083039933815598,0.0051361704245209,0.0031776425894349,0.0075175287202,0.0148988468572497,0.0027253909502178,0.0058132060803473,0.0055150180123746,0.0092970049008727
C22,,,,,,,,,,,,,,,,,,,,,,,,0.830228328704834,0.0833317041397094,0.1224475428462028,0.0199995525181293,0.0827918127179145,0.1236821711063385,0.0411516390740871,0.0127237848937511,0.0122386515140533,0.0654294788837432,0.0305381305515766,0.0187858324497938,0.0060967872850596,0.0264278780668973,0.0225915592163801,0.0048004719428718,0.0065862890332937,0.0165373012423515,0.0031691463664174,0.0052859294228255,0.0049505401402711,0.0064534884877502
C23,,,,,,,,,,,,,,,,,,,,,,,,,0.3196598291397095,0.0751572251319885,0.0091886296868324,0.00968883279711,0.0968333780765533,0.0192455016076564,0.0037903147749602,0.0085933273658156,0.0072223600000143,0.0042296415194869,0.0064283199608325,0.0044336691498756,0.0048778802156448,0.0061741392128169,0.0055978107266128,0.0020346792880445,0.0063994545489549,0.0039852708578109,0.0033284402452409,0.00380585109815,0.0027253185398876
C24,,,,,,,,,,,,,,,,,,,,,,,,,,0.5119622349739075,0.0184462498873472,0.0192146841436624,0.0563709363341331,0.0895391926169395,0.0181237533688545,0.0139147387817502,0.0155939813703298,0.0052989399991929,0.0035154793877154,0.0091346940025687,0.0075612720102071,0.04671236500144,0.0150425778701901,0.002196040470153,0.0146861001849174,0.0026064726989716,0.0022486152593046,0.0039300946518778,0.0020823194645345
C25,,,,,,,,,,,,,,,,,,,,,,,,,,,0.201611116528511,0.0739558637142181,0.0614154636859893,0.0152419973164796,0.0246739089488983,0.0196275115013122,0.033732995390892,0.0073882634751498,0.0107167912647128,0.0081323878839612,0.0203949511051177,0.0137217938899993,0.0101640401408076,0.0108147654682397,0.0204454008489847,0.0048437295481562,0.0059659322723746,0.0034336643293499,0.0055054775439202
C26,,,,,,,,,,,,,,,,,,,,,,,,,,,,2.1513142585754395,0.0676440894603729,0.0364191159605979,0.0253258552402257,0.0334842093288898,0.1133051216602325,0.0118749132379889,0.0118685020133852,0.0136348428204655,0.0259362328797578,0.0114386035129427,0.0095559787005186,0.0069369608536362,0.0382256247103214,0.0066465167328715,0.0102634252980351,0.0037124592345207,0.0080916695296764
C27,,,,,,,,,,,,,,,,,,,,,,,,,,,,,3.432549476623535,0.2253418266773224,0.3171917796134949,0.0982127040624618,0.2301560044288635,0.0378345660865306,0.024635886773467,0.0136823328211903,0.0566046312451362,0.0366864092648029,0.0308238305151462,0.0165349058806896,0.0620765052735805,0.022983968257904,0.0072129447944462,0.0030564323533326,0.0137928547337651
C28,,,,,,,,,,,,,,,,,,,,,,,,,,,,,,0.40291228890419,0.0664108023047447,0.0415742695331573,0.0160660874098539,0.0120107447728514,0.0074646733701229,0.0064099300652742,0.0114141600206494,0.0258788987994194,0.0139671498909592,0.0017677125288173,0.0077721551060676,0.0036769004072993,0.0036610160022974,0.006000570487231,0.0037565897218883
C29,,,,,,,,,,,,,,,,,,,,,,,,,,,,,,,0.2697702646255493,0.0375107824802398,0.0323986262083053,0.0228308625519275,0.008969496935606,0.0182565860450267,0.0112835494801402,0.1719407886266708,0.0887338519096374,0.004490362945944,0.0122741376981139,0.0027560591697692,0.006985493004322,0.0042343619279563,0.00531757902354
C30,,,,,,,,,,,,,,,,,,,,,,,,,,,,,,,,0.42473965883255,0.0968229249119758,0.0171809308230876,0.0201052110642194,0.0297652706503868,0.1048599183559417,0.0190410353243351,0.2728027999401092,0.019276950508356,0.0176255237311124,0.0042078243568539,0.0129846250638365,0.002318862825632,0.004064411856234
C31,,,,,,,,,,,,,,,,,,,,,,,,,,,,,,,,,4.092450141906738,0.1319631040096283,0.1499525308609008,0.0823077633976936,0.0316518098115921,0.02305344119668,0.0189219508320093,0.0720269531011581,0.1215954944491386,0.0204883478581905,0.1468144357204437,0.0052740587852895,0.161048948764801
C32,,,,,,,,,,,,,,,,,,,,,,,,,,,,,,,,,,0.7025339603424072,0.1510932594537735,0.0161054395139217,0.0691091194748878,0.0198617298156023,0.0093460502102971,0.0589807666838169,0.0443030409514904,0.015666801482439,0.047067254781723,0.014808046631515,0.0848821029067039
C33,,,,,,,,,,,,,,,,,,,,,,,,,,,,,,,,,,,1.9350625276565552,0.1603488773107528,0.0512179061770439,0.0444503501057624,0.072308249771595,0.0599129125475883,0.089292973279953,0.0113717773929238,0.0818606615066528,0.0588710457086563,0.0340188629925251
C34,,,,,,,,,,,,,,,,,,,,,,,,,,,,,,,,,,,,0.0791767910122871,0.0312161613255739,0.0126439947634935,0.008782404474914,0.039498683065176,0.051106821745634,0.0042420513927936,0.0263026971369981,0.0107796592637896,0.0195588879287242
C35,,,,,,,,,,,,,,,,,,,,,,,,,,,,,,,,,,,,,3.146794319152832,0.2099508345127105,0.2083233743906021,0.0161529928445816,0.0216110274195671,0.0114431837573647,0.0168163366615772,0.0137392934411764,0.0069190477952361
C36,,,,,,,,,,,,,,,,,,,,,,,,,,,,,,,,,,,,,,0.8153889179229736,0.1747356206178665,0.0114848362281918,0.0250261481851339,0.002726444043219,0.0067238272167742,0.0055535766296088,0.0067891483195126
C37,,,,,,,,,,,,,,,,,,,,,,,,,,,,,,,,,,,,,,,2.516300678253174,0.0093756336718797,0.0237577632069587,0.0077355531975626,0.008786603808403,0.0127137303352355,0.0031917372252792
C38,,,,,,,,,,,,,,,,,,,,,,,,,,,,,,,,,,,,,,,,0.2085978537797927,0.0412333980202674,0.0140889231115579,0.0160489790141582,0.0083748856559395,0.0051865181885659
C39,,,,,,,,,,,,,,,,,,,,,,,,,,,,,,,,,,,,,,,,,3.2125051021575928,0.4856168925762176,0.6101073622703552,0.0357726253569126,0.0695002228021621
C40,,,,,,,,,,,,,,,,,,,,,,,,,,,,,,,,,,,,,,,,,,2.2805376052856445,0.06054313108325,0.0164737682789564,0.0161976255476474
C41,,,,,,,,,,,,,,,,,,,,,,,,,,,,,,,,,,,,,,,,,,,0.2152369171380996,0.0202282331883907,0.0113580971956253
C42,,,,,,,,,,,,,,,,,,,,,,,,,,,,,,,,,,,,,,,,,,,,1.7370463609695437,0.1316866725683212
C43,,,,,,,,,,,,,,,,,,,,,,,,,,,,,,,,,,,,,,,,,,,,,1.07477867603302
C44,,,,,,,,,,,,,,,,,,,,,,,,,,,,,,,,,,,,,,,,,,,,,
E00p1,0.0029542320407927,1.2951258420944214,0.0475789345800876,0.045010007917881,0.011028379201889,0.0323134176433086,0.0121845379471778,0.0083160903304815,0.0087374839931726,0.0090328101068735,0.0037768562324345,0.006148484069854,0.0122880935668945,0.0060115787200629,0.0043747620657086,0.0140617415308952,0.031937301158905,0.0065501481294631,0.0133915031328797,0.0089140068739652,0.003335625398904,0.0022656200453639,0.0139015633612871,0.0061572887934744,0.0060005420818924,0.0091264210641384,0.0044005787931382,0.0091096432879567,0.0069676777347922,0.0087474696338176,0.0055409278720617,0.0038338666781783,0.0051198685541749,0.0041637527756392,0.0050447531975805,0.0034634827170521,0.0036321531515568,0.0058343615382909,0.0039729829877614,0.0035843530204147,0.0071414993144571,0.0023677309509366,0.002221338218078,0.0034549557603895,0.002942344173789
E00p2,0.0030767074786126,0.0219488870352506,0.0097106005996465,0.0130219673737883,0.0179788656532764,0.009331589564681,0.0060767563991248,0.0042161890305578,0.0032713818363845,0.0066939936950802,0.0051927603781223,0.0133650470525026,0.0151080153882503,0.0090266587212681,0.0092673087492585,0.0187225528061389,0.0479368567466735,0.0094303116202354,0.017107905820012,0.0094166863709688,0.006423182785511,0.0035098895896226,0.0140749281272292,0.0090865362435579,0.0051395143382251,0.031078964471817,0.0122627830132842,0.0098691685125231,0.0127183971926569,0.0147868264466524,0.0033962517045438,0.0073925661854445,0.0126281585544347,0.004760617390275,0.0053332359530031,0.0033279247581958,0.0076483879238367,0.0040656351484358,0.0023528116289526,0.002847981872037,0.0116647370159626,0.0041959448717534,0.0034938282333314,0.0026857019402086,0.0029219409916549
E00p3,0.0026542216073721,0.0039467308670282,0.003967055119574,0.0285385735332965,0.0130490083247423,0.0104346331208944,0.0038544496055692,0.0004468589031603,0.0015381433768197,0.0068576466292142,0.0037549943663179,0.0104537513107061,0.0231540538370609,0.0060307066887617,0.0017873257165774,0.0101157315075397,0.0133496513590216,0.0071079693734645,0.0079177459701895,0.0068996557965874,0.0072641335427761,0.0037678284570574,0.0119334775954484,0.0081557752564549,0.0068949507549405,0.010243285447359,0.0112718977034091,0.0036251198034733,0.0105197010561823,0.0071126809343695,0.0042831883765757,0.0020807334221899,0.0041614356450736,0.003542854450643,0.004507343750447,0.0021632697898894,0.0031366909388452,0.0041115088388323,0.0025476065929979,0.0032202964648604,0.0055455802939832,0.0041759596206247,0.0027279390487819,0.0027981509920209,0.0022647338919341
E00p4,0.0030510353390127,0.0235480666160583,0.023776302114129,0.0136454505845904,0.0057515017688274,0.0061682956293225,0.0030206753872334,0.0034969795960932,0.0030922791920602,0.0058474163524806,0.0010137474164366,0.0030156362336128,0.0111598074436187,0.0048397644422948,0.0024679722264409,0.0128962909802794,0.0099299857392907,0.0069024763070046,0.0082178087905049,0.0111338421702384,0.0032834878657013,0.0028540326748043,0.0074560451321303,0.0059964684769511,0.0070458236150443,0.0109688779339194,0.0038422939833253,0.0045126499608159,0.0128058837726712,0.0111321238800883,0.0037056682631373,0.0026988442987203,0.0057897195219993,0.0030925252940505,0.0042700213380157,0.0032486447598785,0.0021740838419646,0.0053486209362745,0.0027083903551101,0.0022911624982953,0.004261982627213,0.0014919327804818,0.00284358789213,0.0035454742610454,0.0017557246610522
E01p1,0.0034724082797765,0.007751618977636,1.252975583076477,0.0109062334522604,0.0123580740764737,0.0256067272275686,0.007599342148751,0.0040832972154021,0.0065233185887336,0.0107170939445495,0.0041447565890848,0.0077055995352566,0.0184987355023622,0.0117143765091896,0.0044666659086942,0.0465754158794879,0.0241168215870857,0.0135619146749377,0.0223149582743644,0.0354990437626838,0.0116127347573637,0.0038001672364771,0.0272990614175796,0.026155088096857,0.0075889220461249,0.0135405696928501,0.006636316422373,0.0071353134699165,0.0205721221864223,0.0149702532216906,0.0054412339814007,0.0033031406346708,0.0069423406384885,0.0052723046392202,0.0057212100364267,0.0069186170585453,0.0056333192624151,0.0035785303916782,0.0021004038862884,0.0023014694452285,0.0063384971581399,0.002362452680245,0.0045173554681241,0.0051729842089116,0.0027696837205439
E01p2,0.0031456653960049,0.0018317172070965,0.0451235212385654,0.0132439192384481,0.0069479057565331,0.0050824340432882,0.003025711281225,0.003472726792097,0.0015706301201134,0.0048131439834833,0.0039567896164953,0.005902727600187,0.0136932358145713,0.0084397122263908,0.0058810333721339,0.0202591866254806,0.0076371310278773,0.0078005753457546,0.0109327472746372,0.0066368947736918,0.0057851788587868,0.0038188286125659,0.0201389491558074,0.0110579272732138,0.0072107864543795,0.007741002831608,0.0046902294270694,0.003172391327098,0.0087118633091449,0.0073261694051325,0.0055676368065178,0.0025204534176737,0.003784428583458,0.0044606649316847,0.005511465948075,0.0049119731411337,0.0037276844959706,0.0035060348454862,0.0016495370073243,0.0010953876189887,0.0061349519528448,0.0019368303474038,0.0022762326989322,0.0040425988845527,0.0024870210327208
E03p1,0.0034808854106813,0.0025647920556366,0.0034318189136683,0.0109403142705559,0.0826146453619003,0.0078890416771173,0.0055239261128008,0.0128019731491804,0.0019096760079264,0.0035734067205339,0.0021322818938642,0.003094061743468,0.0164237041026353,0.0040997918695211,0.0023509559687227,0.0066221705637872,0.0085775852203369,0.0055879969149827,0.0144921001046895,0.0124198468402028,0.0072095757350325,0.0030934282112866,0.0267404932528734,0.0157095231115818,0.0043984735384583,0.0794765651226043,0.0994314923882484,0.0114601626992225,0.0078865587711334,0.0045698997564613,0.0031938424799591,0.0025697578676044,0.0116333970800042,0.0028561677318066,0.0052498877048492,0.0017002068925648,0.0054925242438912,0.0045093176886439,0.0026691348757594,0.0026615725364536,0.007961711846292,0.0016181274550035,0.0029737669974565,0.0028059813193976,0.0032647107727825
E03p2,0.0009302618564106,0.0022158429492264,0.0021565028000622,0.006678560283035,0.0122142536565661,0.0047907317057251,0.0031462633050978,0.0077929333783686,0.0019088465487584,0.0032190179917961,0.0017077630618587,0.0035156686790287,0.0123444525524973,0.0043009323999285,0.0028248101007193,0.0070170718245208,0.0071089151315391,0.0059297438710927,0.0076615987345576,0.0050913835875689,0.0040711807087063,0.0017572242068126,0.0089802937582135,0.0093015888705849,0.0040329890325665,0.0173679869621992,0.0274228677153587,0.0036178454756736,0.0036275598686188,0.0039344010874629,0.004509880207479,0.0030896547250449,0.0044959941878914,0.0026307117659598,0.001440571155399,0.0025771947111934,0.002594927791506,0.0046669603325426,0.002187502104789,0.0017411226872354,0.0051990048959851,0.0018975359853357,0.0013365633785724,0.0022578691132366,0.0019530074205249
E06p1,0.003192258067429,0.0063418946228921,0.0105313658714294,0.0155097329989075,0.0114814238622784,0.0724262371659278,0.0063704727217555,0.0201572105288505,0.0122273052111268,0.0113513702526688,0.0058312420733273,0.0124840624630451,0.0187390688806772,0.0187827888876199,0.0073284255340695,0.0241040736436843,0.0429661460220813,0.024940975010395,0.015164902433753,0.0188943687826395,0.0097760409116745,0.0038925430271774,0.0157693270593881,0.003822851460427,0.0060375463217496,0.0084345703944563,0.0077599622309207,0.0151330195367336,0.0142594678327441,0.009834786877036,0.0075800484046339,0.0063394643366336,0.0132187930867075,0.0056394287385046,0.0108584435656666,0.020080130547285,0.0068598096258938,0.00403309520334,0.0040536927990615,0.0073555065318942,0.0111321462318301,0.005772890523076,0.0038791066035628,0.0028885344509035,0.004769554361701
E06p2,0.0009234153549186,0.0035532407928258,0.0036761439405381,0.0046037728898227,0.0035549239255487,0.0105871260166168,0.0029456787742674,0.0096956472843885,0.0016460556071251,0.0052755335345864,0.0034099926706403,0.0022225773427635,0.0066931149922311,0.0070133921690285,0.0035627633333206,0.0077665746212005,0.0071322820149362,0.0042419349774718,0.010594486258924,0.0057341223582625,0.0052644447423517,0.0024833222851157,0.004823800176382,0.0055639338679611,0.0026684629265218,0.0051789609715342,0.0022571568842977,0.004442926030606,0.0035036173649132,0.0026332661509513,0.0040689562447369,0.0021366958972066,0.0018145296489819,0.0033211207482963,0.0018101442838087,0.0034293599892407,0.0022541789803653,0.0029642751906067,0.0022382023744285,0.0011409630533307,0.0041454988531768,0.0017605535686016,0.001319300266914,0.0011130186030641,0.0018668908160179
E06p3,0.0035389787517488,0.0021855155937373,0.0048969001509249,0.0058428565971553,0.005654411856085,0.0078203473240137,0.006125085055828,0.0073790252208709,0.0021652083378285,0.0102671049535274,0.0036474890075623,0.0027231930289417,0.0057142139412462,0.0061468393541872,0.0042835692875087,0.0137772690504789,0.006931840442121,0.0127895912155509,0.0106535563245415,0.0095600858330726,0.0071950075216591,0.0026469614822417,0.0085552986711263,0.0071347393095493,0.0055704708211123,0.0068899276666343,0.0062361322343349,0.0047348393127322,0.0085821133106946,0.0046748863533139,0.0054178428836166,0.002929818117991,0.0053033344447612,0.0040167588740587,0.003839953104034,0.0025581826921552,0.0031330781057476,0.0035472786985337,0.0026671108789741,0.0027284347452223,0.0082905618473887,0.0367517732083797,0.0028211716562509,0.0030142529867589,0.0028315284289419
E07p1,0.0035030657891184,0.0064866323955357,0.0134178381413221,0.0099074253812432,0.005287813488394,1.0820378065109253,0.0386457331478595,0.0054002669639885,0.0125916991382837,0.042471095919609,0.0123403621837496,0.0063242139294743,0.0092337299138307,0.0125443320721387,0.0090765533968806,0.0601764321327209,0.0962595790624618,0.0430835373699665,0.0330588221549987,0.1201618984341621,0.0316957719624042,0.0038121566176414,0.0105116330087184,0.0220613777637481,0.0150048257783055,0.0228626020252704,0.0162893459200859,0.0229917466640472,0.0072483168914914,0.0510714277625083,0.0141734397038817,0.0076043517328798,0.0248171370476484,0.0114010088145732,0.0086669102311134,0.0319165028631687,0.0097282817587256,0.0075125345028936,0.0051507228054106,0.0081482352688908,0.0151887433603405,0.0058547249063849,0.0043024043552577,0.002840366680175,0.0028786687180399
E08p1,0.004184556659311,0.0082776816561818,0.013193404302001,0.0053577022626996,0.0047580813989043,0.0196771174669265,0.0413415282964706,0.0167015399783849,0.0061936597339808,0.0772221833467483,0.0167226698249578,0.0120692690834403,0.008071900345385,0.0123838251456618,0.0036698328331112,0.023078029975295,0.0329789742827415,0.0155102116987109,0.0137346778064966,0.0851376950740814,0.0272050034254789,0.0088041797280311,0.0217136591672897,0.0105316350236535,0.0073795425705611,0.0128109753131866,0.0084021287038922,0.012103016488254,0.0072325286455452,0.054628200829029,0.0216160770505666,0.0074507147073745,0.0210574120283126,0.0076858079992234,0.0077016060240566,0.1301856786012649,0.0071634766645729,0.0057841083034873,0.0065669841133058,0.0034450045786798,0.0091762635856866,0.0077219549566507,0.0022907699458301,0.0061551453545689,0.002710374770686
E08p2,0.0008245926001109,0.0025692256167531,0.0052917557768523,0.0043982830829918,0.0048268903046846,0.0076383659616112,0.0069732526317238,0.0080039454624056,0.0025535752065479,0.0056618335656821,0.0056097330525517,0.0043859533034265,0.003869408275932,0.0082182753831148,0.006327046547085,0.0097281858325004,0.0131707740947604,0.0109007842838764,0.0134883755818009,0.0090470630675554,0.0084376446902751,0.0022423749323934,0.010659322142601,0.0060917921364307,0.0089076254516839,0.0058403830043971,0.0036538168787956,0.0060384557582437,0.00488295359537,0.0024072078522294,0.0026334540452808,0.0018824567086994,0.0035927980206906,0.0036047878675162,0.0053260982967913,0.0041309152729809,0.003400994464755,0.0035735890269279,0.0027090611401945,0.0012126686051487,0.007626159582287,0.0122686959803104,0.0020367265678942,0.0016561968950554,0.0015364192659035
E08p3,0.0010218051029369,0.0010635223006829,0.0060611967928707,0.0047205775044858,0.0044777384027838,0.0062220115214586,0.0054829376749694,0.0078328251838684,0.0022639548406004,0.0070997015573084,0.0083846552297472,0.0053118146024644,0.004452770575881,0.0099835265427827,0.0062942062504589,0.0151138287037611,0.0157864056527614,0.0074151246808469,0.0078125707805156,0.0265615414828062,0.0080875949934124,0.0014268077211454,0.0087882028892636,0.0051324190571904,0.0090440120548009,0.0043468112125992,0.0034166639670729,0.0035517758224159,0.0036700530909001,0.0031381000299006,0.0034729135222733,0.0022551193833351,0.0035917731001973,0.0037850965745747,0.0061256461776793,0.0062810881063342,0.004658194258809,0.003875559894368,0.0023311122786253,0.0018998511368408,0.0059753917157649,0.0255017317831516,0.0024409971665591,0.0017912917537614,0.0013886068481951
E09p0,0.0010702445870265,0.0019768238998949,0.0022105022799223,0.0089684790000319,0.0052935136482119,0.0073359794914722,0.5124629139900208,0.0045132329687476,0.0019129470456391,0.0080430675297975,0.0030485859606415,0.0031880310270935,0.0040815202519297,0.0049306731671094,0.0066523747518658,0.0075543499551713,0.0057785487733781,0.0059583466500043,0.0065755695104599,0.0092892851680517,0.0068726213648915,0.0036143162287771,0.0070750028826296,0.005036094225943,0.0046100914478302,0.0055692405439913,0.0029414326418191,0.0028468763921409,0.0050621097907423,0.0027731405571103,0.002978098578751,0.0022411630488932,0.004315631929785,0.0033899149857461,0.0046828757040202,0.0036361848469823,0.004419520497322,0.0051627224311232,0.001883654273115,0.001673255348578,0.0065037221647799,0.0026815326418727,0.0033659054897725,0.0032474037725478,0.0022614495828747
E09p1,0.0006678089266642,0.0024160253815352,0.0042662536725401,0.0044814678840339,0.0035981191322207,0.0073148556984961,0.0221939645707607,0.016130480915308,0.0012284582480788,0.0167109984904527,0.0069598667323589,0.0030377102084457,0.0055048582144081,0.006579197011888,0.0107264453545212,0.006682408042252,0.0046190754510462,0.0062708663754165,0.0038992336485534,0.0104858530685305,0.0051937368698418,0.0020246179774403,0.0115223694592714,0.0045395395718514,0.0094867646694183,0.0047704870812594,0.0023028615396469,0.0064533865079283,0.002760425209999,0.0030417356174439,0.0026340938638895,0.0017137442482635,0.0037459058221429,0.0033984014298766,0.0038877336774021,0.0039905617013573,0.0023823326919227,0.0048351502045989,0.001139203668572,0.00110206566751,0.005653494503349,0.0030369681771844,0.0021424945443868,0.0011386970290914,0.002013268880546
E10p1,0.00474798027426,0.0039573577232658,0.0304075013846158,0.0125228893011808,0.0069130784831941,0.009321192279458,0.0083578880876302,0.1714271008968353,0.0089634740725159,0.0113183921203017,0.065166100859642,0.0116123957559466,0.0116984043270349,0.0245865620672702,0.106563039124012,0.0610317215323448,0.0156146576628088,0.0117901423946022,0.0357419699430465,0.0345105081796646,0.0222274828702211,0.0036579079460352,0.0081958482041955,0.0081709139049053,0.0068165087141096,0.0180811714380979,0.0094570154324173,0.0139504801481962,0.0131939109414815,0.0339338220655918,0.0122513463720679,0.0153449550271034,0.0158136431127786,0.0065246280282735,0.006798265967518,0.0207272544503211,0.0079473741352558,0.0052682762034237,0.0051016425713896,0.0062586674466729,0.0164798181504011,0.0050801578909158,0.0048289485275745,0.002705683466047,0.0064126914367079
E10p2,0.0041989414021372,0.0040484801866114,0.0076467576436698,0.0148082021623849,0.0061386972665786,0.0069230184890329,0.0044242679141461,0.0415443554520607,0.006539667956531,0.0093857916072011,0.0113252867013216,0.0032951121684163,0.0048708007670938,0.0127754937857389,0.0164625253528356,0.0216797329485416,0.0582953840494155,0.0134987710043787,0.0084132375195622,0.0315125659108161,0.0070807659067213,0.0023168504703789,0.0107262972742319,0.0055998307652771,0.0040936926379799,0.0120267681777477,0.0077537633478641,0.0143595719709992,0.0053279260173439,0.0208247527480125,0.0082344403490424,0.0078451912850141,0.0210275966674089,0.00821871496737,0.0065893530845642,0.0172221455723047,0.0077230599708855,0.0039750235155224,0.0035003763623535,0.0022066128440201,0.011080015450716,0.0077185407280921,0.0023554468061774,0.0014762675855308,0.0035748751834034
E10p3,0.0037193761672824,0.0049742204137146,0.0039006422739475,0.0072557930834591,0.0069039789959788,0.0058136051520705,0.0093500865623354,0.0421156994998455,0.0021101329475641,0.0191948525607585,0.137354239821434,0.0050599444657564,0.01432716101408,0.03364073112607,0.139750137925148,0.0223299302160739,0.0069244354963302,0.0154458982869982,0.0304913949221372,0.020781572908163,0.0229318868368864,0.0027688739355653,0.0139936972409486,0.0058830673806369,0.0056692534126341,0.0177219808101654,0.0071100853383541,0.0422507636249065,0.0056812847033143,0.0957966595888137,0.0098453406244516,0.0262811835855245,0.0310678798705339,0.007596624083817,0.0131050879135727,0.0097561627626419,0.0082973530516028,0.0058393743820488,0.0043872217647731,0.0053358906880021,0.0235266219824552,0.0063468571752309,0.0038256843108683,0.0036199141759425,0.0045601394958794
E10p4,0.0034719749819487,0.0028278462123125,0.006382078398019,0.0075312005355954,0.0046154148876667,0.005829116795212,0.002283252775669,0.0220797192305326,0.0009699052316136,0.0058634984306991,0.007586948107928,0.002714610658586,0.0030532029923051,0.0139660602435469,0.0101561620831489,0.0118947047740221,0.0046659614890813,0.0094573674723505,0.0107473721727728,0.015429581515491,0.0075249150395393,0.0021221763454377,0.0054383412934839,0.0051972647197544,0.006560742855072,0.0085320333018898,0.0060465713031589,0.0057322192005813,0.0048698764294385,0.0034856270067393,0.0025008099619299,0.0069473232142627,0.0051402025856077,0.0031004829797893,0.0049281888641417,0.0037076182197779,0.0030581280589103,0.0039599854499101,0.0027906943578273,0.0023905539419502,0.0050787469372153,0.0015235436148941,0.0029861610382795,0.0026194911915808,0.0025688428431749
